Date,HomeTeam,AwayTeam,Result,HomeWinOdds,DrawOdds,AwayWinOdds,OverOdds,UnderOdds,HTeam,HM,HW,HD,HL,HG,HGA,HPTS,HxG,HNPxG,HxGA,HNPxGA,HNPxGD,HPPDA,HOPPDA,HDC,HODC,HxPTS,ATeam,AM,AW,AD,AL,AG,AGA,APTS,AxG,ANPxG,AxGA,ANPxGA,ANPxGD,APPDA,AOPPDA,ADC,AODC,AxPTS
19/09/2020,Fiorentina,Torino,1-0,1.83,3.75,4.2,1.8,2.0,Fiorentina,0,0,0,0,0,0,0,0,0,0,0,0,0,0,0,0,0,Torino,0,0,0,0,0,0,0,0,0,0,0,0,0,0,0,0,0
19/09/2020,Verona,Roma,0-0,3.75,3.5,1.95,1.8,2.0,Verona,0,0,0,0,0,0,0,0,0,0,0,0,0,0,0,0,0,Roma,0,0,0,0,0,0,0,0,0,0,0,0,0,0,0,0,0
20/09/2020,Parma Calcio 1913,Napoli,0-2,5.25,4.2,1.61,1.61,2.3,Parma Calcio 1913,0,0,0,0,0,0,0,0,0,0,0,0,0,0,0,0,0,Napoli,0,0,0,0,0,0,0,0,0,0,0,0,0,0,0,0,0
20/09/2020,Genoa,Crotone,4-1,1.9,3.6,4.0,1.9,1.9,Genoa,0,0,0,0,0,0,0,0,0,0,0,0,0,0,0,0,0,Crotone,0,0,0,0,0,0,0,0,0,0,0,0,0,0,0,0,0
20/09/2020,Sassuolo,Cagliari,1-1,1.95,3.75,3.75,1.57,2.37,Sassuolo,0,0,0,0,0,0,0,0,0,0,0,0,0,0,0,0,0,Cagliari,0,0,0,0,0,0,0,0,0,0,0,0,0,0,0,0,0
20/09/2020,Juventus,Sampdoria,3-0,1.28,5.5,10.5,1.57,2.37,Juventus,0,0,0,0,0,0,0,0,0,0,0,0,0,0,0,0,0,Sampdoria,0,0,0,0,0,0,0,0,0,0,0,0,0,0,0,0,0
21/09/2020,AC Milan,Bologna,2-0,1.57,4.33,5.5,1.57,2.37,AC Milan,0,0,0,0,0,0,0,0,0,0,0,0,0,0,0,0,0,Bologna,0,0,0,0,0,0,0,0,0,0,0,0,0,0,0,0,0
26/09/2020,Torino,Atalanta,2-4,4.75,4.4,1.61,1.57,2.37,Torino,1,0,0,1,0,1,0,0.62,0.62,2.35,2.35,-1.74,6.86,9.47,2,9,0.25,Atalanta,0,0,0,0,0,0,0,0,0,0,0,0,0,0,0,0,0
26/09/2020,Cagliari,Lazio,0-2,5.0,4.0,1.66,1.66,2.2,Cagliari,1,0,1,0,1,1,1,0.96,0.96,2.03,2.03,-1.07,18.64,9.26,4,15,0.64,Lazio,0,0,0,0,0,0,0,0,0,0,0,0,0,0,0,0,0
26/09/2020,Sampdoria,Benevento,2-3,2.0,3.6,3.6,1.8,2.0,Sampdoria,1,0,0,1,0,3,0,0.61,0.61,2.14,2.14,-1.54,21.65,6.79,1,10,0.3,Benevento,0,0,0,0,0,0,0,0,0,0,0,0,0,0,0,0,0
26/09/2020,Inter,Fiorentina,4-3,1.5,4.5,6.0,1.66,2.2,Inter,0,0,0,0,0,0,0,0,0,0,0,0,0,0,0,0,0,Fiorentina,1,1,0,0,1,0,3,2.35,2.35,0.62,0.62,1.74,9.47,6.86,9,2,2.62
27/09/2020,Spezia,Sassuolo,1-4,4.75,4.0,1.66,1.72,2.1,Spezia,0,0,0,0,0,0,0,0,0,0,0,0,0,0,0,0,0,Sassuolo,1,0,1,0,1,1,1,2.03,2.03,0.96,0.96,1.07,9.26,18.64,15,4,2.13
27/09/2020,Napoli,Genoa,6-0,1.3,5.5,10.0,1.57,2.37,Napoli,1,1,0,0,2,0,3,1.54,1.54,0.16,0.16,1.38,12.17,19.42,7,7,2.72,Genoa,1,1,0,0,4,1,3,2.23,2.23,1.32,1.32,0.91,8.94,9.42,4,4,2.04
27/09/2020,Verona,Udinese,1-0,2.7,3.0,2.8,2.3,1.61,Verona,1,0,1,0,0,0,1,0.91,0.91,1.78,1.78,-0.87,8.42,5.06,3,9,0.72,Udinese,0,0,0,0,0,0,0,0,0,0,0,0,0,0,0,0,0
27/09/2020,Crotone,AC Milan,0-2,6.0,4.5,1.5,1.66,2.2,Crotone,1,0,0,1,1,4,0,1.32,1.32,2.23,2.23,-0.91,9.42,8.94,4,4,0.75,AC Milan,1,1,0,0,2,0,3,2.94,2.18,0.83,0.83,1.36,9.26,13.5,6,3,2.67
27/09/2020,Roma,Juventus,2-2,3.6,3.6,2.0,1.72,2.1,Roma,1,0,1,0,0,0,1,1.78,1.78,0.91,0.91,0.87,5.06,8.42,9,3,2.03,Juventus,1,1,0,0,3,0,3,2.14,2.14,0.61,0.61,1.54,6.79,21.65,10,1,2.55
28/09/2020,Bologna,Parma Calcio 1913,4-1,1.95,3.6,3.6,1.8,2.0,Bologna,1,0,0,1,0,2,0,0.83,0.83,2.94,2.18,-1.36,13.5,9.26,3,6,0.22,Parma Calcio 1913,1,0,0,1,0,2,0,0.16,0.16,1.54,1.54,-1.38,19.42,12.17,7,7,0.16
30/09/2020,Benevento,Inter,2-5,9.0,4.75,1.36,1.53,2.5,Benevento,1,1,0,0,3,2,3,1.27,1.27,1.36,1.36,-0.09,8.31,14.43,5,2,1.25,Inter,1,1,0,0,4,3,3,1.7,1.7,2.25,2.25,-0.56,5.22,24.21,17,9,0.99
30/09/2020,Udinese,Spezia,0-2,1.6,3.75,5.75,2.0,1.8,Udinese,1,0,0,1,0,1,0,2.15,2.15,1.35,1.35,0.79,7.3,5.81,5,5,1.95,Spezia,1,0,0,1,1,4,0,1.29,1.29,2.65,1.89,-0.6,27.94,7.26,6,16,0.53
30/09/2020,Lazio,Atalanta,1-4,2.55,3.5,2.55,1.53,2.5,Lazio,1,1,0,0,2,0,3,1.99,1.99,0.92,0.92,1.08,13.85,11.15,8,0,2.25,Atalanta,1,1,0,0,4,2,3,2.47,2.47,0.77,0.77,1.7,10.8,11.72,14,3,2.49
02/10/2020,Fiorentina,Sampdoria,1-2,1.61,4.0,5.25,1.66,2.2,Fiorentina,2,1,0,1,4,4,3,4.61,4.61,2.31,2.31,2.29,13.77,5.92,18,19,4.41,Sampdoria,2,0,0,2,2,6,0,1.97,1.97,3.42,3.42,-1.45,17.95,7.33,3,15,1.73
03/10/2020,Sassuolo,Crotone,4-1,1.4,5.0,7.0,1.57,2.37,Sassuolo,2,1,1,0,5,2,4,4.68,3.92,2.25,2.25,1.67,8.09,22.55,31,10,4.41,Crotone,2,0,0,2,1,6,0,1.43,1.43,4.66,3.9,-2.47,9.4,9.29,9,10,0.8
03/10/2020,Udinese,Roma,0-1,5.0,4.0,1.66,1.72,2.1,Udinese,2,0,0,2,0,3,0,4.01,4.01,2.17,2.17,1.85,10.44,8.19,16,5,4.16,Roma,2,0,2,0,2,2,2,4.6,3.84,2.82,2.06,1.78,9.02,8.78,15,6,4.08
04/10/2020,Atalanta,Cagliari,5-2,1.25,6.5,10.0,1.36,3.2,Atalanta,2,2,0,0,8,3,6,4.37,4.37,2.58,2.58,1.79,13.73,9.76,20,12,3.93,Cagliari,2,0,1,1,1,3,1,1.88,1.88,4.02,4.02,-2.15,14.51,11.62,4,23,1.18
04/10/2020,Benevento,Bologna,1-0,3.1,3.6,2.2,1.66,2.2,Benevento,2,1,0,1,5,7,3,2.53,2.53,5.89,5.89,-3.37,15.56,10.57,7,14,1.31,Bologna,2,1,0,1,4,3,3,2.87,2.87,4.19,3.43,-0.55,10.06,9.98,10,9,2.18
04/10/2020,Lazio,Inter,1-1,3.1,3.7,2.2,1.53,2.5,Lazio,2,1,0,1,3,4,3,3.8,3.8,2.81,2.81,0.99,10.43,13.8,17,6,3.56,Inter,2,2,0,0,9,5,6,6.23,6.23,3.5,3.5,2.72,6.06,22.53,29,11,3.89
04/10/2020,Parma Calcio 1913,Verona,1-0,2.87,3.1,2.62,2.1,1.72,Parma Calcio 1913,2,0,0,2,1,6,0,1.41,1.41,3.59,3.59,-2.18,14.15,9.53,10,14,0.97,Verona,2,1,1,0,1,0,4,2.26,2.26,3.93,3.93,-1.66,7.06,6.08,8,14,1.54
04/10/2020,AC Milan,Spezia,3-0,1.28,5.5,11.0,1.57,2.37,AC Milan,2,2,0,0,4,0,6,5.37,3.85,0.93,0.93,2.92,9.51,11.16,12,8,5.59,Spezia,2,1,0,1,3,4,3,2.1,2.1,4.52,3.75,-1.65,20.0,10.42,6,27,1.09
17/10/2020,Napoli,Atalanta,4-1,2.5,3.8,2.55,1.44,2.75,Napoli,2,2,0,0,8,0,6,3.88,3.88,0.43,0.43,3.46,12.52,26.58,13,9,5.45,Atalanta,3,3,0,0,13,5,9,7.98,7.98,3.23,3.23,4.74,12.7,11.37,35,18,6.82
17/10/2020,Inter,AC Milan,1-2,2.3,3.5,3.0,1.72,2.1,Inter,3,2,1,0,10,6,7,6.95,6.95,4.71,4.71,2.24,7.06,17.93,37,12,4.82,AC Milan,3,3,0,0,7,0,9,8.02,6.5,1.08,1.08,5.42,8.28,12.3,23,9,8.52
17/10/2020,Sampdoria,Lazio,3-0,3.3,3.5,2.15,1.66,2.2,Sampdoria,3,1,0,2,4,7,3,4.15,3.39,5.45,5.45,-2.06,15.98,7.59,9,20,3.21,Lazio,3,1,1,1,4,5,4,5.01,5.01,3.53,3.53,1.47,10.95,12.3,18,14,5.33
17/10/2020,Crotone,Juventus,1-1,6.5,4.5,1.45,1.72,2.1,Crotone,3,0,0,3,2,10,0,3.02,2.26,6.52,5.0,-2.73,9.52,9.0,22,14,1.91,Juventus,2,1,1,0,5,2,4,4.05,3.29,3.42,2.66,0.63,7.93,16.76,13,7,3.29
18/10/2020,Bologna,Sassuolo,3-4,2.9,3.6,2.3,1.53,2.5,Bologna,3,1,0,2,4,4,3,4.7,4.7,5.08,4.32,0.38,8.77,9.64,15,15,4.29,Sassuolo,3,2,1,0,9,3,7,6.53,5.01,3.85,3.08,1.93,8.18,16.8,35,23,6.0
18/10/2020,Spezia,Fiorentina,2-2,5.25,4.0,1.61,1.72,2.1,Spezia,3,1,0,2,3,7,3,2.26,2.26,7.17,6.4,-4.15,17.73,8.85,7,38,1.13,Fiorentina,3,1,0,2,5,6,3,6.64,6.64,4.49,3.73,2.9,12.19,7.64,23,25,5.68
18/10/2020,Torino,Cagliari,2-3,2.1,3.5,3.4,1.9,1.9,Torino,2,0,0,2,2,5,0,1.39,1.39,4.83,4.83,-3.43,9.15,10.03,5,23,0.6,Cagliari,3,0,1,2,3,8,1,2.53,2.53,7.63,7.63,-5.1,14.76,11.2,10,38,1.25
18/10/2020,Udinese,Parma Calcio 1913,3-2,,,,,,Udinese,3,0,0,3,0,4,0,5.68,5.68,2.93,2.93,2.75,11.94,8.15,18,9,6.28,Parma Calcio 1913,3,1,0,2,2,6,3,2.64,2.64,4.22,4.22,-1.58,16.22,8.71,13,24,2.88
18/10/2020,Roma,Benevento,5-2,1.33,5.5,8.5,1.53,2.5,Roma,3,1,2,0,3,2,5,5.36,4.6,4.48,3.72,0.88,8.71,10.51,19,8,4.73,Benevento,3,2,0,1,6,7,6,3.42,3.42,7.72,7.72,-4.3,12.85,9.03,13,19,1.97
19/10/2020,Verona,Genoa,0-0,,,,,,Verona,3,1,1,1,1,1,4,2.9,2.9,5.16,5.16,-2.26,7.0,9.17,18,17,2.32,Genoa,2,1,0,1,4,7,3,2.5,2.5,3.66,3.66,-1.17,16.84,10.9,6,10,2.2
23/10/2020,Sassuolo,Torino,3-3,1.66,4.33,4.5,1.44,2.75,Sassuolo,4,3,1,0,13,6,10,9.77,8.25,5.3,4.54,3.71,8.05,13.54,45,29,8.43,Torino,3,0,0,3,4,8,0,2.63,1.87,6.62,6.62,-4.74,8.82,11.51,9,26,1.41
24/10/2020,Atalanta,Sampdoria,1-3,1.4,5.5,6.5,1.33,3.4,Atalanta,4,3,0,1,14,9,9,8.62,8.62,4.41,4.41,4.21,10.94,12.33,36,25,7.72,Sampdoria,4,2,0,2,7,7,6,5.98,5.22,5.9,5.9,-0.68,15.61,8.93,17,28,5.7
24/10/2020,Genoa,Inter,0-2,7.5,4.5,1.4,,,Genoa,3,1,1,1,4,7,4,2.88,2.88,4.55,4.55,-1.66,15.52,9.53,7,19,3.02,Inter,4,2,1,1,11,8,7,9.49,9.49,6.77,5.87,3.63,7.0,15.02,51,16,6.53
24/10/2020,Lazio,Bologna,2-1,1.65,4.0,4.75,1.53,2.5,Lazio,4,1,1,2,4,8,4,5.46,5.46,5.37,5.37,0.09,11.35,12.74,26,22,5.67,Bologna,4,1,0,3,7,8,3,6.15,6.15,8.31,7.55,-1.4,8.04,9.22,21,25,4.73
25/10/2020,Cagliari,Crotone,4-2,2.0,3.6,3.6,1.9,1.9,Cagliari,4,1,1,2,6,10,4,4.32,4.32,8.87,8.11,-3.79,14.97,10.3,13,42,3.14,Crotone,4,0,1,3,3,11,1,4.42,2.9,8.1,6.58,-3.68,10.1,9.45,29,19,3.05
25/10/2020,Benevento,Napoli,1-2,8.0,6.0,1.3,1.4,3.0,Benevento,4,2,0,2,8,12,6,4.98,4.07,11.9,11.14,-7.08,12.88,8.52,17,32,2.1,Napoli,3,3,0,0,12,1,9,5.05,5.05,1.07,1.07,3.99,13.55,16.34,20,10,7.24
25/10/2020,Parma Calcio 1913,Spezia,2-2,2.05,3.5,3.5,2.0,1.8,Parma Calcio 1913,4,1,0,3,4,9,3,3.61,3.61,5.94,5.94,-2.33,14.97,9.46,16,33,3.67,Spezia,4,1,1,2,5,9,4,3.18,3.18,8.25,7.49,-4.31,13.91,8.64,9,44,2.34
25/10/2020,Fiorentina,Udinese,3-2,1.72,3.6,4.75,1.9,1.9,Fiorentina,4,1,1,2,7,8,4,7.72,7.72,5.42,4.66,3.06,10.9,7.69,29,27,7.15,Udinese,4,1,0,3,3,6,3,7.4,7.4,3.89,3.89,3.5,11.76,8.63,27,12,8.23
25/10/2020,Juventus,Verona,1-1,1.33,5.0,8.5,1.72,2.1,Juventus,3,1,2,0,6,3,5,5.64,4.87,4.82,3.3,1.58,8.87,15.04,18,14,4.78,Verona,4,1,2,1,1,1,5,3.78,3.78,5.54,5.54,-1.76,6.98,10.04,27,18,4.12
26/10/2020,AC Milan,Roma,3-3,2.05,3.6,3.3,1.61,2.3,AC Milan,4,4,0,0,9,1,12,10.09,7.66,3.63,3.63,4.02,8.41,10.83,27,23,9.57,Roma,4,2,2,0,8,4,8,9.55,8.03,6.04,4.37,3.65,8.38,11.06,32,12,7.53
31/10/2020,Crotone,Atalanta,1-2,6.5,4.75,1.44,1.4,3.0,Crotone,5,0,1,4,5,15,1,5.83,4.3,10.19,8.66,-4.36,10.45,10.34,35,28,3.93,Atalanta,5,3,0,2,15,12,9,10.71,9.95,6.9,6.14,3.81,10.22,11.8,48,28,8.78
31/10/2020,Inter,Parma Calcio 1913,2-2,1.33,5.5,8.0,1.5,2.62,Inter,5,3,1,1,13,8,10,11.13,11.13,6.79,5.88,5.25,6.94,15.35,59,16,9.29,Parma Calcio 1913,5,1,1,3,6,11,4,7.28,6.51,6.9,6.9,-0.39,14.52,9.34,22,39,6.47
31/10/2020,Bologna,Cagliari,3-2,1.85,4.2,3.6,1.53,2.5,Bologna,5,1,0,4,8,10,3,7.91,7.91,9.74,8.98,-1.08,8.24,9.22,30,28,6.34,Cagliari,5,2,1,2,10,12,7,6.41,6.41,10.28,9.52,-3.11,14.71,10.74,22,48,5.02
01/11/2020,Udinese,AC Milan,1-2,4.5,3.9,1.72,1.66,2.2,Udinese,5,1,0,4,5,9,3,10.08,10.08,5.1,5.1,4.98,10.5,9.24,35,17,10.71,AC Milan,5,4,1,0,12,4,13,12.9,9.71,5.99,5.23,4.48,9.16,11.82,38,30,11.25
01/11/2020,Spezia,Juventus,1-4,9.0,5.25,1.33,1.57,2.37,Spezia,5,1,2,2,7,11,5,4.15,4.15,11.92,10.4,-6.25,12.86,9.34,15,50,2.49,Juventus,4,1,3,0,7,4,6,7.81,7.05,5.42,3.9,3.15,8.76,14.32,32,21,7.25
01/11/2020,Torino,Lazio,3-4,3.6,3.8,1.9,1.61,2.3,Torino,4,0,1,3,7,11,1,4.72,3.96,8.31,8.31,-4.35,11.3,10.06,16,39,3.08,Lazio,5,2,1,2,6,9,7,6.89,6.89,7.12,7.12,-0.23,10.86,11.86,29,31,6.79
01/11/2020,Napoli,Sassuolo,0-2,1.53,4.6,5.5,1.36,3.2,Napoli,4,4,0,0,14,2,12,7.32,7.32,1.72,1.72,5.61,11.53,16.56,31,14,9.73,Sassuolo,5,3,2,0,16,9,11,11.46,9.94,7.38,6.62,3.32,7.44,14.75,58,36,9.52
01/11/2020,Roma,Fiorentina,2-0,1.75,3.8,4.2,1.53,2.5,Roma,5,2,3,0,11,7,9,11.91,9.62,8.86,6.43,3.19,9.55,11.44,39,23,8.61,Fiorentina,5,2,1,2,10,10,7,8.92,8.92,8.11,7.35,1.58,11.15,7.44,34,35,7.51
01/11/2020,Sampdoria,Genoa,1-1,1.9,3.6,4.0,1.8,2.0,Sampdoria,5,3,0,2,10,8,9,8.48,6.96,8.0,7.24,-0.28,14.17,8.55,20,40,7.4,Genoa,4,1,1,2,4,9,4,2.89,2.89,6.18,6.18,-3.29,15.8,8.64,7,27,3.14
02/11/2020,Verona,Benevento,3-1,2.05,3.5,3.6,1.8,2.0,Verona,5,1,3,1,2,2,6,4.38,4.38,7.72,7.72,-3.34,7.9,9.74,34,32,4.48,Benevento,5,2,0,3,9,14,6,5.63,4.72,14.17,13.41,-8.7,13.74,8.08,21,43,2.45
04/11/2020,Genoa,Torino,1-2,2.35,3.5,2.8,1.8,2.0,Genoa,5,1,2,2,5,10,5,4.08,4.08,7.04,7.04,-2.96,15.21,8.4,12,34,4.78,Torino,5,0,1,4,10,15,1,7.19,5.66,10.06,9.3,-3.64,12.81,9.18,18,48,5.01
06/11/2020,Sassuolo,Udinese,0-0,2.15,3.8,3.1,1.57,2.37,Sassuolo,6,4,2,0,18,9,14,12.99,10.7,9.53,8.77,1.94,8.73,15.02,60,45,10.47,Udinese,6,1,0,5,6,11,3,11.04,10.28,6.12,6.12,4.16,11.09,9.12,39,26,12.0
07/11/2020,Cagliari,Sampdoria,2-0,2.75,3.5,2.4,1.61,2.3,Cagliari,6,2,1,3,12,15,7,7.67,7.67,11.75,10.98,-3.31,12.77,10.77,31,59,6.26,Sampdoria,6,3,1,2,11,9,10,9.34,7.82,9.18,8.42,-0.6,12.67,9.34,27,45,8.45
07/11/2020,Benevento,Spezia,0-3,1.9,3.6,3.75,1.57,2.37,Benevento,6,2,0,4,10,17,6,7.23,6.32,16.69,15.93,-9.61,11.89,7.87,26,51,3.21,Spezia,6,1,2,3,8,15,5,4.69,4.69,14.8,12.52,-7.82,13.25,9.65,19,61,2.61
07/11/2020,Parma Calcio 1913,Fiorentina,0-0,3.4,3.6,2.0,1.66,2.2,Parma Calcio 1913,6,1,2,3,8,13,5,8.04,7.28,9.95,9.95,-2.68,15.65,8.17,24,49,6.65,Fiorentina,6,2,1,3,10,12,7,9.3,9.3,11.73,10.97,-1.68,10.39,7.85,37,44,7.55
08/11/2020,Lazio,Juventus,1-1,3.5,3.75,1.95,1.66,2.2,Lazio,6,3,1,2,10,12,10,8.65,7.88,9.59,8.83,-0.94,9.91,13.03,38,33,7.62,Juventus,5,2,3,0,11,5,9,10.69,9.17,5.97,4.44,4.73,9.27,14.47,43,25,10.06
08/11/2020,Atalanta,Inter,1-1,2.6,3.9,2.35,1.36,3.2,Atalanta,6,4,0,2,17,13,12,14.21,13.45,7.43,6.67,6.78,8.87,12.07,64,28,11.66,Inter,6,3,2,1,15,10,11,14.18,14.18,7.55,6.64,7.54,6.4,16.31,69,18,12.02
08/11/2020,Genoa,Roma,1-3,5.75,4.2,1.53,1.57,2.37,Genoa,6,1,2,3,6,12,5,5.26,5.26,7.49,7.49,-2.22,13.39,8.71,21,37,6.77,Roma,6,3,3,0,13,7,12,15.54,13.25,9.24,6.8,6.45,9.58,10.62,48,26,11.56
08/11/2020,Torino,Crotone,0-0,1.95,3.75,3.6,1.72,2.1,Torino,6,1,1,4,12,16,4,7.63,6.11,11.25,10.49,-4.38,12.34,8.92,21,57,5.71,Crotone,6,0,1,5,6,17,1,6.35,4.83,13.68,12.16,-7.33,10.87,8.97,35,44,4.0
08/11/2020,Bologna,Napoli,0-1,4.75,4.2,1.65,1.53,2.5,Bologna,6,2,0,4,11,12,6,9.37,9.37,11.01,10.25,-0.88,8.55,8.6,41,37,7.83,Napoli,5,4,0,1,14,4,12,9.47,9.47,3.24,2.48,6.99,12.6,17.38,40,16,11.53
08/11/2020,AC Milan,Verona,2-2,1.45,4.5,6.5,1.57,2.37,AC Milan,6,5,1,0,14,5,16,13.93,10.74,6.95,5.42,5.31,9.05,12.21,47,34,12.58,Verona,6,2,3,1,5,3,9,6.9,6.9,9.32,9.32,-2.43,7.74,8.93,42,37,6.51
21/11/2020,Crotone,Lazio,0-2,4.75,4.0,1.66,1.61,2.3,Crotone,7,0,2,5,6,17,2,6.65,5.13,13.92,12.4,-7.27,10.6,9.03,37,46,5.26,Lazio,7,3,2,2,11,13,11,9.72,8.96,10.86,10.1,-1.14,9.81,13.37,45,39,8.79
21/11/2020,Spezia,Atalanta,0-0,6.5,5.25,1.4,1.36,3.2,Spezia,7,2,2,3,11,15,8,6.15,6.15,15.05,12.77,-6.62,12.41,10.26,23,65,5.01,Atalanta,7,4,1,2,18,14,13,15.16,14.4,8.24,7.48,6.92,9.6,12.03,71,35,13.11
21/11/2020,Juventus,Cagliari,2-0,1.28,5.5,10.0,1.44,2.75,Juventus,6,2,4,0,12,6,10,11.97,10.44,7.04,5.52,4.92,10.13,13.4,49,32,11.6,Cagliari,7,3,1,3,14,15,10,9.57,8.81,11.88,11.12,-2.31,12.27,10.1,36,63,9.03
22/11/2020,Fiorentina,Benevento,0-1,1.5,4.75,5.5,1.5,2.62,Fiorentina,7,2,2,3,10,12,8,10.11,10.11,11.87,11.11,-0.99,10.03,8.89,40,47,9.6,Benevento,7,2,0,5,10,20,6,7.48,6.57,18.14,17.38,-10.81,12.24,7.86,30,55,3.59
22/11/2020,Inter,Torino,4-2,1.33,5.75,8.0,1.4,3.0,Inter,7,3,3,1,16,11,12,15.0,15.0,8.5,7.6,7.4,6.94,16.25,76,25,13.2,Torino,7,1,2,4,12,16,5,7.87,6.35,11.55,10.79,-4.44,11.83,8.94,23,59,6.82
22/11/2020,Roma,Parma Calcio 1913,3-0,1.5,4.75,5.75,1.44,2.75,Roma,7,4,3,0,16,8,15,19.03,16.74,9.88,7.45,9.29,9.71,11.41,58,31,14.4,Parma Calcio 1913,7,1,3,3,8,13,6,8.17,7.41,10.77,10.77,-3.36,15.81,8.2,27,52,7.21
22/11/2020,Sampdoria,Bologna,1-2,2.5,3.5,2.7,1.66,2.2,Sampdoria,7,3,1,3,11,11,10,9.47,7.95,11.08,9.56,-1.61,11.66,9.35,31,50,8.58,Bologna,7,2,0,5,11,13,6,10.1,10.1,12.42,11.66,-1.56,8.82,9.32,46,42,8.6
22/11/2020,Verona,Sassuolo,0-2,3.2,3.8,2.1,1.53,2.5,Verona,7,2,4,1,7,5,10,9.11,9.11,12.98,12.22,-3.11,8.24,8.61,45,53,7.09,Sassuolo,7,4,3,0,18,9,15,13.07,10.79,9.62,8.86,1.93,9.02,15.4,62,47,11.53
22/11/2020,Udinese,Genoa,1-0,1.8,3.75,4.33,1.9,1.9,Udinese,7,1,1,5,6,11,4,11.13,10.37,6.21,6.21,4.16,11.88,9.32,41,28,13.09,Genoa,7,1,2,4,7,15,5,5.91,5.91,10.98,10.98,-5.07,13.87,8.96,26,47,6.88
22/11/2020,Napoli,AC Milan,1-3,2.3,3.5,3.0,1.66,2.2,Napoli,6,5,0,1,15,4,15,10.87,10.87,3.97,3.21,7.66,13.07,16.19,45,21,13.46,AC Milan,7,5,2,0,16,7,17,17.58,13.63,9.16,7.63,6.0,8.73,12.23,63,37,14.83
28/11/2020,Sassuolo,Inter,0-3,4.33,4.1,1.72,1.44,2.75,Sassuolo,8,5,3,0,20,9,18,13.58,11.3,11.01,10.25,1.04,9.17,13.88,63,53,12.15,Inter,8,4,3,1,20,13,15,18.75,17.98,10.48,8.81,9.17,6.85,16.01,91,33,15.68
28/11/2020,Benevento,Juventus,1-1,7.5,4.75,1.4,1.57,2.37,Benevento,8,3,0,5,11,20,9,8.05,7.14,19.35,18.59,-11.46,11.98,7.4,35,63,4.31,Juventus,7,3,4,0,14,6,13,14.51,12.99,7.13,5.6,7.39,8.81,14.29,64,40,14.48
28/11/2020,Atalanta,Verona,0-2,1.36,5.25,7.5,1.44,2.75,Atalanta,8,4,2,2,18,14,14,17.36,16.6,8.84,8.08,8.53,9.44,11.46,79,45,15.65,Verona,8,2,4,2,7,7,10,10.5,10.5,13.49,12.73,-2.23,7.96,8.79,51,54,9.22
29/11/2020,Lazio,Udinese,1-3,1.66,4.0,4.75,1.72,2.1,Lazio,8,4,2,2,13,13,14,11.52,10.75,11.29,10.53,0.22,9.9,12.38,49,46,11.19,Udinese,8,2,1,5,7,11,7,11.54,10.78,6.94,6.94,3.85,11.41,9.34,46,39,14.03
29/11/2020,Bologna,Crotone,1-0,1.66,4.0,4.75,1.61,2.3,Bologna,8,3,0,5,13,14,9,11.83,11.83,13.23,12.47,-0.64,8.76,9.37,50,44,10.73,Crotone,8,0,2,6,6,19,2,7.08,5.56,15.71,14.19,-8.63,10.1,9.19,44,50,5.66
29/11/2020,AC Milan,Fiorentina,2-0,1.7,3.8,5.0,1.66,2.2,AC Milan,8,6,2,0,19,8,20,19.42,15.47,11.04,9.52,5.95,8.91,11.77,72,51,16.17,Fiorentina,8,2,2,4,10,13,8,11.32,11.32,12.43,11.67,-0.35,9.18,9.09,48,52,11.58
29/11/2020,Cagliari,Spezia,2-2,2.15,3.4,3.4,1.72,2.1,Cagliari,8,3,1,4,14,17,10,9.66,8.89,14.43,13.67,-4.77,13.19,8.96,44,78,9.09,Spezia,8,2,3,3,11,15,9,6.74,6.74,17.25,14.97,-8.23,11.8,9.96,33,73,5.32
29/11/2020,Napoli,Roma,4-0,2.1,3.8,3.1,1.53,2.5,Napoli,7,5,0,2,16,7,15,12.76,12.76,5.81,5.05,7.71,12.39,14.79,59,30,14.86,Roma,8,5,3,0,19,8,18,22.24,19.95,9.92,7.48,12.47,10.04,12.84,78,32,17.37
30/11/2020,Torino,Sampdoria,2-2,2.5,3.5,2.75,1.72,2.1,Torino,8,1,2,5,14,20,5,9.85,7.56,15.3,13.77,-6.21,12.13,8.5,31,74,7.2,Sampdoria,8,3,1,4,12,13,10,10.29,8.77,12.82,11.29,-2.52,11.41,9.22,33,54,9.21
30/11/2020,Genoa,Parma Calcio 1913,1-2,2.62,3.5,2.62,1.9,1.9,Genoa,8,1,2,5,7,16,5,6.64,6.64,11.39,11.39,-4.75,13.25,8.93,37,52,8.53,Parma Calcio 1913,8,1,3,4,8,16,6,8.2,7.44,13.98,13.98,-6.54,17.05,8.75,28,72,7.22
05/12/2020,Spezia,Lazio,1-2,5.0,3.9,1.66,1.66,2.2,Spezia,9,2,4,3,13,17,10,9.48,8.72,18.7,16.41,-7.7,10.86,10.0,41,81,7.62,Lazio,9,4,2,3,14,16,14,12.74,11.22,12.72,11.96,-0.74,9.74,13.02,55,49,12.34
05/12/2020,Juventus,Torino,2-1,1.4,5.0,7.0,1.53,2.5,Juventus,8,3,5,0,15,7,14,16.16,14.64,7.57,6.04,8.59,8.65,15.23,80,43,16.83,Torino,9,1,3,5,16,22,6,11.48,9.2,16.68,15.15,-5.95,11.92,8.84,36,83,8.74
05/12/2020,Inter,Bologna,3-1,1.45,4.75,6.5,1.44,2.75,Inter,9,5,3,1,23,13,18,20.24,19.48,11.23,9.57,9.92,7.69,14.68,101,46,17.7,Bologna,9,4,0,5,14,14,12,13.64,13.64,13.64,12.87,0.76,8.61,8.8,57,48,13.36
06/12/2020,Verona,Cagliari,1-1,1.95,3.6,3.75,1.72,2.1,Verona,9,3,4,2,9,7,13,12.29,11.53,14.69,13.93,-2.4,8.65,9.13,56,68,11.13,Cagliari,9,3,2,4,16,19,11,11.1,10.34,17.17,15.64,-5.3,12.85,8.42,52,86,9.62
06/12/2020,Parma Calcio 1913,Benevento,0-0,2.1,3.6,3.4,1.72,2.1,Parma Calcio 1913,9,2,3,4,10,17,9,9.6,8.84,15.56,15.56,-6.72,15.64,8.75,34,75,8.42,Benevento,9,3,1,5,12,21,10,8.49,7.58,21.0,20.24,-12.66,13.04,7.41,38,79,4.75
06/12/2020,Roma,Sassuolo,0-0,1.66,4.33,4.5,1.4,3.0,Roma,9,5,3,1,19,12,18,22.55,20.27,11.97,9.54,10.73,10.59,13.34,83,36,17.5,Sassuolo,9,5,3,1,20,12,18,14.33,12.05,12.51,11.75,0.3,8.92,14.35,76,63,12.87
06/12/2020,Crotone,Napoli,0-4,7.5,5.25,1.36,1.53,2.5,Crotone,9,0,2,7,6,20,2,7.49,5.96,17.51,15.99,-10.03,9.45,9.01,48,57,5.89,Napoli,8,6,0,2,20,7,18,14.82,14.82,6.12,5.36,9.46,12.98,15.08,63,35,17.64
06/12/2020,Sampdoria,AC Milan,1-2,4.5,4.0,1.72,1.66,2.2,Sampdoria,9,3,2,4,14,15,11,11.67,10.15,14.45,12.93,-2.78,11.48,9.38,42,59,10.39,AC Milan,9,7,2,0,21,8,23,22.28,16.8,11.64,10.12,6.68,8.99,11.35,79,55,18.97
07/12/2020,Fiorentina,Genoa,1-1,1.72,4.0,4.5,1.9,1.9,Fiorentina,9,2,2,5,10,15,8,11.93,11.93,15.29,13.01,-1.08,9.05,9.14,52,59,11.71,Genoa,9,1,2,6,8,18,5,8.23,8.23,12.8,12.8,-4.57,12.68,8.9,40,58,10.04
11/12/2020,Sassuolo,Benevento,1-0,1.65,4.2,4.75,1.53,2.5,Sassuolo,10,5,4,1,20,12,19,14.54,12.26,13.79,13.03,-0.77,9.12,15.08,82,66,13.23,Benevento,10,3,2,5,12,21,11,8.83,7.92,21.5,20.74,-12.82,13.85,7.67,41,84,5.84
12/12/2020,Crotone,Spezia,4-1,2.5,3.5,2.7,1.9,1.9,Crotone,10,0,2,8,6,24,2,7.99,6.47,19.45,17.93,-11.46,10.56,9.16,48,64,6.24,Spezia,10,2,4,4,14,19,10,11.21,10.45,19.14,16.85,-6.41,10.46,10.87,47,82,10.0
12/12/2020,Torino,Udinese,2-3,2.9,3.25,2.5,1.9,1.9,Torino,10,1,3,6,17,24,6,12.83,10.54,19.2,17.68,-7.14,12.46,8.5,38,87,9.34,Udinese,9,3,1,5,10,12,10,12.97,12.21,8.17,7.4,4.81,12.07,9.22,49,45,15.55
12/12/2020,Lazio,Verona,1-2,1.65,4.0,5.0,1.61,2.3,Lazio,10,5,2,3,16,17,17,13.18,11.66,14.45,13.69,-2.03,10.6,12.28,56,55,12.75,Verona,10,3,5,2,10,8,14,15.32,14.55,16.37,15.61,-1.05,8.76,9.12,60,77,13.36
13/12/2020,Cagliari,Inter,1-3,7.5,5.25,1.36,1.44,2.75,Cagliari,10,3,3,4,17,20,12,12.78,12.02,20.19,18.67,-6.65,12.47,8.55,61,90,10.21,Inter,10,6,3,1,26,14,21,22.23,21.47,12.36,10.69,10.78,8.36,14.49,107,52,19.69
13/12/2020,Atalanta,Fiorentina,3-0,1.66,4.33,4.5,1.53,2.5,Atalanta,9,4,2,3,18,16,14,18.57,17.81,10.63,9.11,8.7,9.66,12.0,93,50,16.48,Fiorentina,10,2,3,5,11,16,9,14.72,14.72,16.67,14.38,0.34,9.39,9.23,61,63,14.08
13/12/2020,Bologna,Roma,1-5,3.5,3.8,2.0,1.53,2.5,Bologna,10,4,0,6,15,17,12,14.76,14.76,15.62,14.86,-0.1,8.92,9.5,63,54,14.13,Roma,10,5,4,1,19,12,19,23.83,21.55,12.18,9.75,11.8,11.35,13.03,86,42,19.9
13/12/2020,Napoli,Sampdoria,2-1,1.4,5.0,7.5,1.53,2.5,Napoli,9,7,0,2,24,7,21,16.75,16.75,6.63,5.87,10.88,12.6,16.13,70,35,20.11,Sampdoria,10,3,2,5,15,17,11,12.66,11.14,17.12,14.84,-3.7,11.88,8.9,45,71,10.75
13/12/2020,Genoa,Juventus,1-3,9.0,5.25,1.33,1.66,2.2,Genoa,10,1,3,6,9,19,6,9.6,9.6,15.59,15.59,-5.99,12.35,9.2,44,67,10.5,Juventus,9,4,5,0,17,8,17,18.69,17.17,8.91,7.39,9.78,8.22,15.56,84,45,19.03
13/12/2020,AC Milan,Parma Calcio 1913,2-2,1.3,5.75,9.0,1.53,2.5,AC Milan,10,8,2,0,23,9,26,24.94,18.71,12.63,11.11,7.6,8.58,11.81,91,58,21.47,Parma Calcio 1913,10,2,4,4,10,17,10,10.11,9.34,15.9,15.9,-6.56,15.02,9.59,39,78,9.84
15/12/2020,Udinese,Crotone,0-0,1.6,3.9,5.75,1.9,1.9,Udinese,10,4,1,5,13,14,13,14.45,13.69,9.24,8.48,5.21,11.88,9.08,57,49,17.25,Crotone,11,1,2,8,10,25,5,9.69,8.16,20.28,18.75,-10.59,10.9,8.96,50,70,8.37
15/12/2020,Benevento,Lazio,1-1,4.5,3.8,1.75,1.72,2.1,Benevento,11,3,2,6,12,22,11,10.93,10.02,22.59,21.07,-11.05,13.37,8.0,51,89,7.96,Lazio,11,5,2,4,17,19,17,13.83,12.31,15.41,14.65,-2.34,10.32,12.18,64,58,13.76
16/12/2020,Juventus,Atalanta,1-1,1.85,3.9,3.9,1.72,2.1,Juventus,10,5,5,0,20,9,20,22.29,19.24,9.39,7.87,11.37,7.52,15.92,93,46,21.97,Atalanta,10,5,2,3,21,16,17,21.37,20.61,11.09,9.57,11.04,9.7,12.0,108,52,19.28
16/12/2020,Fiorentina,Sassuolo,1-1,2.4,3.5,2.87,1.72,2.1,Fiorentina,11,2,3,6,11,19,9,15.18,15.18,19.47,17.19,-2.01,9.6,9.3,63,78,14.2,Sassuolo,11,6,4,1,21,12,22,15.63,12.59,15.89,15.13,-2.54,9.42,14.51,87,76,13.86
16/12/2020,Genoa,AC Milan,2-2,7.5,4.75,1.4,1.61,2.3,Genoa,11,1,3,7,10,22,6,10.09,10.09,19.19,17.67,-7.58,12.84,8.5,45,76,10.53,AC Milan,11,8,3,0,25,11,27,26.8,20.56,13.23,11.71,8.85,8.52,12.18,99,60,23.81
16/12/2020,Inter,Napoli,1-0,2.2,3.5,3.2,1.72,2.1,Inter,11,7,3,1,29,15,24,24.97,24.21,13.97,12.3,11.91,8.22,15.23,114,57,21.87,Napoli,10,8,0,2,26,8,24,18.27,18.27,7.34,6.58,11.69,12.49,16.6,78,37,22.12
16/12/2020,Parma Calcio 1913,Cagliari,0-0,2.3,3.4,3.1,1.72,2.1,Parma Calcio 1913,11,2,5,4,12,19,11,10.71,9.95,17.75,17.75,-7.81,15.19,9.46,41,86,10.3,Cagliari,11,3,3,5,18,23,12,14.39,13.63,22.94,21.42,-7.79,13.18,8.37,66,97,10.82
16/12/2020,Spezia,Bologna,2-2,3.1,3.5,2.2,1.57,2.37,Spezia,11,2,4,5,15,23,10,12.03,11.27,20.83,18.55,-7.27,10.12,11.2,53,84,10.63,Bologna,11,4,0,7,16,22,12,15.11,15.11,19.65,18.89,-3.78,8.84,9.91,70,66,14.17
16/12/2020,Verona,Sampdoria,1-2,2.15,3.5,3.2,1.8,2.0,Verona,11,4,5,2,12,9,17,16.27,15.51,17.02,16.26,-0.75,9.01,8.95,63,85,15.01,Sampdoria,11,3,2,6,16,19,11,13.37,11.85,18.64,16.36,-4.51,12.53,9.09,47,79,11.47
17/12/2020,Roma,Torino,3-1,1.4,5.0,6.5,1.4,3.0,Roma,11,6,4,1,24,13,22,27.87,25.58,12.54,10.11,15.48,11.6,12.48,98,49,22.84,Torino,11,1,3,7,19,27,6,13.9,11.62,20.68,19.16,-7.54,12.0,8.68,42,95,10.34
19/12/2020,Fiorentina,Verona,1-1,2.1,3.5,3.4,1.9,1.9,Fiorentina,12,2,4,6,12,20,10,16.9,16.14,21.18,18.9,-2.76,10.03,9.18,72,86,15.56,Verona,12,4,5,3,13,11,17,17.76,16.24,17.8,17.04,-0.79,8.85,8.78,68,95,17.06
19/12/2020,Sampdoria,Crotone,3-1,1.83,3.7,4.33,1.9,1.9,Sampdoria,12,4,2,6,18,20,14,14.15,12.63,20.13,17.09,-4.46,11.96,8.91,57,84,12.13,Crotone,12,1,3,8,10,25,6,9.81,8.29,21.38,19.86,-11.57,10.82,8.95,50,77,8.77
19/12/2020,Parma Calcio 1913,Juventus,0-4,8.5,5.25,1.33,1.61,2.3,Parma Calcio 1913,12,2,6,4,12,19,12,11.58,10.82,18.02,18.02,-7.2,14.51,9.74,48,89,12.25,Juventus,11,5,6,0,21,10,21,25.0,21.19,10.3,8.77,12.42,7.43,15.42,97,50,24.54
20/12/2020,Torino,Bologna,1-1,2.6,3.5,2.6,1.66,2.2,Torino,12,1,3,8,20,30,6,14.88,12.59,23.72,21.44,-8.85,12.09,8.64,46,108,10.58,Bologna,12,4,1,7,18,24,13,16.72,15.86,22.32,21.56,-5.7,8.61,9.89,74,76,14.74
20/12/2020,Benevento,Genoa,2-0,2.3,3.4,3.1,1.9,1.9,Benevento,12,3,3,6,13,23,12,12.36,11.45,23.01,21.49,-10.04,14.09,7.89,56,94,10.24,Genoa,12,1,4,7,12,24,7,11.32,11.32,21.24,19.72,-8.4,12.84,8.43,48,84,11.25
20/12/2020,Cagliari,Udinese,1-1,3.0,3.4,2.37,1.9,1.9,Cagliari,12,3,4,5,18,23,13,14.66,13.89,23.81,22.29,-8.39,13.2,8.38,69,104,11.48,Udinese,11,4,2,5,13,14,14,15.55,14.79,9.36,8.6,6.19,11.57,9.14,64,49,19.54
20/12/2020,Inter,Spezia,2-1,1.22,6.5,12.0,1.4,3.0,Inter,12,8,3,1,30,15,27,26.29,24.77,17.22,15.55,9.21,8.76,15.53,120,67,22.13,Spezia,12,2,5,5,17,25,11,14.7,13.94,22.44,19.3,-5.36,10.08,10.78,63,88,12.84
20/12/2020,Sassuolo,AC Milan,1-2,3.6,4.0,1.9,1.57,2.37,Sassuolo,12,6,5,1,22,13,23,17.34,14.3,17.61,16.09,-1.79,9.24,14.51,95,85,15.23,AC Milan,12,8,4,0,27,13,28,28.85,22.62,14.46,12.94,9.67,8.44,12.23,107,63,25.85
20/12/2020,Atalanta,Roma,4-1,2.25,3.75,2.9,1.44,2.75,Atalanta,11,5,3,3,22,17,18,22.27,21.51,13.8,11.52,9.99,9.88,11.39,112,56,19.58,Roma,12,7,4,1,27,14,25,30.91,27.87,13.51,11.08,16.79,11.28,12.53,111,53,25.49
20/12/2020,Lazio,Napoli,2-0,2.87,3.4,2.45,1.9,1.9,Lazio,12,5,3,4,18,20,18,14.25,12.72,16.84,16.08,-3.35,9.98,12.91,69,63,14.24,Napoli,11,8,0,3,26,9,24,21.53,21.53,8.66,7.14,14.39,12.94,16.48,88,43,24.74
22/12/2020,Crotone,Parma Calcio 1913,2-1,2.62,3.4,2.62,2.0,1.8,Crotone,13,1,3,9,11,28,6,10.85,8.57,23.86,22.34,-13.77,10.77,8.81,54,80,9.06,Parma Calcio 1913,13,2,6,5,12,23,12,12.51,11.75,20.82,20.82,-9.07,15.21,9.53,52,104,12.51
22/12/2020,Juventus,Fiorentina,0-3,1.3,5.5,9.0,1.61,2.3,Juventus,12,6,6,0,25,10,24,27.8,23.99,11.22,9.7,14.29,7.44,16.03,112,54,27.17,Fiorentina,13,2,5,6,13,21,11,18.58,17.06,22.43,19.38,-2.32,9.49,9.15,75,88,17.34
23/12/2020,Verona,Inter,1-2,6.0,4.0,1.57,1.72,2.1,Verona,13,4,6,3,14,12,18,19.01,16.73,19.48,17.96,-1.23,8.84,8.35,70,98,17.97,Inter,13,9,3,1,32,16,30,27.55,25.27,18.0,16.33,8.94,9.41,15.59,122,70,23.95
23/12/2020,Bologna,Atalanta,2-2,5.0,4.2,1.61,1.53,2.5,Bologna,13,4,2,7,19,25,14,18.9,18.04,23.43,22.66,-4.62,8.56,9.67,83,79,16.92,Atalanta,12,6,3,3,26,18,21,24.19,23.43,14.51,12.23,11.2,10.02,11.62,120,63,21.89
23/12/2020,AC Milan,Lazio,3-2,2.2,3.75,3.0,1.72,2.1,AC Milan,13,9,4,0,29,14,31,30.26,24.03,15.51,13.99,10.04,9.12,12.03,112,72,27.55,Lazio,13,6,3,4,20,20,21,14.95,13.43,17.82,17.06,-3.63,10.24,12.62,74,70,15.31
23/12/2020,Napoli,Torino,1-1,1.36,5.25,8.0,1.5,2.62,Napoli,12,8,0,4,26,11,24,22.51,22.51,9.36,7.84,14.67,12.62,16.14,95,48,26.33,Torino,13,1,4,8,21,31,7,15.98,13.7,25.9,23.62,-9.92,11.66,8.6,49,117,11.19
23/12/2020,Roma,Cagliari,3-2,1.28,5.75,10.0,1.36,3.2,Roma,13,7,4,2,28,18,25,31.63,28.58,15.43,13.0,15.58,11.48,12.46,118,61,25.98,Cagliari,13,3,5,5,19,24,14,15.28,14.52,25.25,23.72,-9.2,12.96,8.72,81,117,12.18
23/12/2020,Sampdoria,Sassuolo,2-3,2.6,3.6,2.6,1.72,2.1,Sampdoria,13,5,2,6,21,21,17,16.63,15.11,21.18,17.37,-2.26,11.44,8.98,60,88,14.68,Sassuolo,13,6,5,2,23,15,23,18.39,15.34,19.02,17.5,-2.16,9.21,14.97,104,90,16.25
23/12/2020,Spezia,Genoa,1-2,2.15,3.5,3.3,1.9,1.9,Spezia,13,2,5,6,18,27,11,15.48,14.72,23.7,19.8,-5.08,10.47,11.42,66,90,13.64,Genoa,13,1,4,8,12,26,7,11.56,11.56,22.8,20.51,-8.95,12.14,8.71,51,90,11.52
23/12/2020,Udinese,Benevento,0-2,1.85,3.4,4.5,2.1,1.72,Udinese,12,4,3,5,14,15,15,16.99,16.23,9.99,9.23,6.99,11.72,9.23,77,61,21.58,Benevento,13,4,3,6,15,23,15,13.91,12.24,23.25,21.73,-9.49,14.11,7.69,62,97,12.81
03/01/2021,Inter,Crotone,6-2,1.2,7.0,12.0,1.44,2.75,Inter,14,10,3,1,34,17,33,29.59,27.3,19.24,17.57,9.73,9.15,15.1,131,72,25.96,Crotone,14,2,3,9,13,29,9,11.65,9.37,25.36,23.84,-14.47,10.63,8.5,56,85,9.86
03/01/2021,Atalanta,Sassuolo,5-1,1.5,4.5,5.5,1.44,2.75,Atalanta,13,6,4,3,28,20,22,26.08,24.56,15.6,13.32,11.24,9.91,11.72,129,67,23.91,Sassuolo,14,7,5,2,26,17,26,20.55,17.51,20.67,19.15,-1.64,9.35,14.27,113,99,18.03
03/01/2021,Cagliari,Napoli,1-4,7.0,4.33,1.45,1.57,2.37,Cagliari,14,3,5,6,21,27,14,16.48,14.96,28.61,27.08,-12.13,12.35,8.48,87,123,12.39,Napoli,13,8,1,4,27,12,25,23.41,23.41,9.75,8.23,15.18,12.25,16.52,96,51,28.11
03/01/2021,Fiorentina,Bologna,0-0,2.1,3.4,3.4,1.72,2.1,Fiorentina,14,3,5,6,16,21,14,20.11,18.59,22.82,19.77,-1.18,9.72,9.33,82,88,19.73,Bologna,14,4,3,7,21,27,15,19.99,19.13,25.32,23.8,-4.67,8.84,9.59,87,88,17.65
03/01/2021,Genoa,Lazio,1-1,5.25,4.0,1.61,1.72,2.1,Genoa,14,2,4,8,14,27,10,12.81,12.05,23.33,21.04,-9.0,12.45,8.56,54,97,13.61,Lazio,14,6,3,5,22,23,21,16.41,14.11,19.7,18.18,-4.07,9.83,12.74,81,78,16.33
03/01/2021,Parma Calcio 1913,Torino,0-3,2.75,3.2,2.6,1.8,2.0,Parma Calcio 1913,14,2,6,6,13,25,12,14.01,13.25,21.62,21.62,-8.37,13.88,9.48,57,106,14.42,Torino,14,1,5,8,22,32,8,16.37,14.09,26.8,24.51,-10.42,12.24,8.58,52,118,12.03
03/01/2021,Roma,Sampdoria,1-0,1.45,4.75,6.0,1.4,3.0,Roma,14,8,4,2,31,20,28,34.99,31.94,16.62,13.43,18.51,11.02,11.88,124,67,28.68,Sampdoria,14,5,2,7,23,24,17,18.28,16.76,23.34,19.53,-2.78,11.16,9.11,69,97,15.68
03/01/2021,Spezia,Verona,0-1,2.9,3.4,2.37,1.9,1.9,Spezia,14,2,5,7,19,29,11,16.01,15.25,24.95,20.29,-5.04,10.18,11.78,73,93,14.27,Verona,14,4,6,4,15,14,18,20.25,17.96,21.51,19.99,-2.03,8.98,8.13,72,107,18.68
03/01/2021,Benevento,AC Milan,0-2,5.25,4.2,1.57,1.61,2.3,Benevento,14,5,3,6,17,23,18,14.25,12.58,25.72,24.2,-11.62,14.24,7.3,65,105,12.95,AC Milan,14,10,4,0,32,16,34,32.15,25.15,16.97,14.67,10.48,9.45,11.36,120,79,29.25
03/01/2021,Juventus,Udinese,4-1,1.4,4.5,7.5,1.72,2.1,Juventus,13,6,6,1,25,13,24,28.19,24.38,12.75,11.23,13.15,7.71,15.77,112,61,27.57,Udinese,13,4,3,6,14,17,15,19.46,18.69,10.33,9.57,9.12,10.74,9.59,85,64,24.35
06/01/2021,Cagliari,Benevento,1-2,2.4,3.4,2.87,1.72,2.1,Cagliari,15,3,5,7,22,31,14,17.34,15.82,33.86,31.57,-15.75,12.68,8.71,90,148,12.4,Benevento,15,5,3,7,17,25,18,16.6,14.17,27.26,24.97,-10.81,13.95,7.58,78,110,14.94
06/01/2021,Atalanta,Parma Calcio 1913,3-0,1.25,6.5,10.0,1.4,3.0,Atalanta,14,7,4,3,33,21,25,29.58,28.06,16.1,13.82,14.24,9.83,11.34,151,72,26.8,Parma Calcio 1913,15,2,6,7,13,28,12,14.86,14.09,23.29,23.29,-9.2,13.08,9.81,61,111,15.15
06/01/2021,Bologna,Udinese,2-2,2.6,3.3,2.62,1.9,1.9,Bologna,15,4,4,7,21,27,16,20.62,19.76,25.67,24.15,-4.39,9.11,9.91,91,90,19.27,Udinese,14,4,3,7,15,21,15,21.21,20.45,13.87,13.11,7.34,11.73,9.25,87,72,24.79
06/01/2021,Crotone,Roma,1-3,7.0,5.0,1.4,1.5,2.62,Crotone,15,2,3,10,15,35,9,13.51,10.46,27.82,26.3,-15.84,11.24,8.89,61,94,10.84,Roma,15,9,4,2,32,20,31,37.39,34.35,16.85,13.66,20.69,10.54,12.01,132,70,31.45
06/01/2021,Lazio,Fiorentina,2-1,1.72,3.8,4.2,1.9,1.9,Lazio,15,6,4,5,23,24,22,17.75,14.7,20.85,19.33,-4.63,9.63,12.78,87,85,17.86,Fiorentina,15,3,6,6,16,21,15,20.46,18.94,23.45,20.4,-1.46,10.04,9.54,84,92,20.67
06/01/2021,Sampdoria,Inter,2-1,6.0,4.2,1.5,1.66,2.2,Sampdoria,15,5,2,8,23,25,17,18.51,16.99,25.75,21.94,-4.96,11.32,8.71,72,105,15.82,Inter,15,11,3,1,40,19,36,32.05,29.76,21.09,18.66,11.1,9.55,15.71,140,77,27.74
06/01/2021,Sassuolo,Genoa,2-1,1.75,3.6,4.75,1.8,2.0,Sassuolo,15,7,5,3,27,22,26,21.05,18.01,24.17,22.65,-4.64,9.13,13.78,118,121,18.1,Genoa,15,2,5,8,15,28,11,13.95,13.19,24.67,21.63,-8.44,12.5,8.45,61,103,14.73
06/01/2021,Torino,Verona,1-1,2.5,3.3,2.75,2.0,1.8,Torino,15,2,5,8,25,32,11,18.05,15.76,27.65,25.36,-9.6,12.45,8.41,57,122,14.06,Verona,15,5,6,4,16,14,21,21.79,19.51,21.96,20.44,-0.93,8.93,7.96,79,114,20.99
06/01/2021,Napoli,Spezia,1-2,1.2,7.0,15.0,1.44,2.75,Napoli,14,9,1,4,31,13,28,28.66,27.89,10.62,9.09,18.8,12.3,16.69,121,54,31.09,Spezia,15,2,5,8,19,30,11,16.46,15.7,26.5,21.83,-6.13,9.86,11.56,80,100,14.73
06/01/2021,AC Milan,Juventus,1-3,3.1,3.4,2.25,1.72,2.1,AC Milan,15,11,4,0,34,16,37,33.68,25.93,19.32,16.26,9.66,9.64,11.27,125,92,30.01,Juventus,14,7,6,1,29,14,27,31.73,27.92,14.51,12.99,14.93,7.58,16.73,120,63,30.0
09/01/2021,Benevento,Atalanta,1-4,7.0,4.75,1.4,1.44,2.75,Benevento,16,6,3,7,19,26,21,17.83,15.4,28.43,26.14,-10.74,13.81,7.73,84,119,16.32,Atalanta,15,8,4,3,36,21,28,31.97,30.45,16.15,13.86,16.58,10.17,11.56,162,72,29.68
09/01/2021,Genoa,Bologna,2-0,3.0,3.4,2.35,1.9,1.9,Genoa,16,2,5,9,16,30,11,15.0,14.24,26.93,23.89,-9.65,12.78,8.26,66,116,15.22,Bologna,16,4,5,7,23,29,17,21.93,21.07,27.38,25.85,-4.79,9.16,9.96,96,99,20.3
09/01/2021,AC Milan,Torino,2-0,1.61,3.9,5.5,1.72,2.1,AC Milan,16,11,4,1,35,19,37,34.71,26.95,21.68,18.62,8.33,9.56,11.42,137,98,30.56,Torino,16,2,6,8,26,33,12,19.41,17.13,27.94,25.66,-8.53,12.47,8.4,61,127,16.39
10/01/2021,Roma,Inter,2-2,2.87,3.6,2.37,1.57,2.37,Roma,16,10,4,2,35,21,34,39.29,35.49,17.35,14.16,21.33,10.21,11.66,139,76,34.0,Inter,16,11,3,2,41,21,36,34.54,31.41,22.43,19.24,12.17,9.46,16.06,147,81,29.95
10/01/2021,Parma Calcio 1913,Lazio,0-2,5.5,4.2,1.57,1.8,2.0,Parma Calcio 1913,16,2,6,8,13,31,12,14.9,14.14,25.68,25.68,-11.54,13.21,10.16,61,122,15.21,Lazio,16,7,4,5,25,25,25,19.67,16.61,22.62,20.34,-3.72,9.85,12.61,90,90,19.34
10/01/2021,Udinese,Napoli,1-2,4.0,3.8,1.85,1.9,1.9,Udinese,15,4,4,7,17,23,16,22.92,22.16,15.18,14.42,7.74,11.72,9.3,96,77,26.48,Napoli,15,9,1,5,32,15,28,32.67,31.91,12.54,10.26,21.65,12.09,16.67,140,55,33.66
10/01/2021,Verona,Crotone,2-1,1.75,3.75,4.6,1.9,1.9,Verona,16,5,7,4,17,15,22,22.09,19.81,23.33,21.8,-1.99,8.9,8.21,84,118,21.42,Crotone,16,2,3,11,16,38,9,14.0,10.96,29.72,27.44,-16.48,10.94,8.74,67,101,11.13
10/01/2021,Fiorentina,Cagliari,1-0,1.75,3.9,4.33,1.72,2.1,Fiorentina,16,3,6,7,17,23,15,22.24,19.95,25.37,22.32,-2.37,10.06,9.77,89,95,21.9,Cagliari,16,3,5,8,23,33,14,18.51,16.99,35.09,32.81,-15.82,12.66,8.92,99,154,13.71
10/01/2021,Juventus,Sassuolo,3-1,1.3,5.5,9.5,1.44,2.75,Juventus,15,8,6,1,32,15,30,34.09,30.28,15.54,14.01,16.27,7.83,15.91,126,75,32.27,Sassuolo,16,8,5,3,29,23,29,23.31,20.27,25.22,23.7,-3.43,8.79,13.99,131,126,20.4
11/01/2021,Spezia,Sampdoria,2-1,3.1,3.4,2.3,1.8,2.0,Spezia,16,3,5,8,21,31,14,18.38,16.86,30.51,25.84,-8.98,10.2,11.43,81,119,15.03,Sampdoria,16,6,2,8,25,26,20,19.85,17.56,28.24,23.59,-6.03,11.67,8.66,76,112,16.4
15/01/2021,Lazio,Roma,3-0,2.8,3.6,2.37,1.61,2.3,Lazio,17,8,4,5,27,25,28,23.09,20.03,23.0,20.72,-0.69,10.06,12.58,101,93,22.26,Roma,17,10,5,2,37,23,35,40.2,36.39,19.28,16.09,20.3,10.3,11.81,143,89,34.66
16/01/2021,Bologna,Verona,1-0,2.3,3.3,3.1,1.9,1.9,Bologna,17,4,5,8,23,31,17,22.96,22.1,28.43,26.9,-4.8,8.95,10.22,101,103,21.64,Verona,17,6,7,4,19,16,25,23.39,21.1,24.16,22.64,-1.54,8.87,8.13,92,125,23.16
16/01/2021,Torino,Spezia,0-0,2.0,3.5,3.75,1.9,1.9,Torino,17,2,6,9,26,35,12,19.78,17.5,29.53,26.49,-8.99,12.25,8.33,64,132,16.72,Spezia,17,4,5,8,23,32,17,20.1,17.82,30.95,26.28,-8.46,10.07,11.49,84,128,17.52
16/01/2021,Sampdoria,Udinese,2-1,2.9,3.3,2.5,2.0,1.8,Sampdoria,17,6,2,9,26,28,20,20.28,18.0,29.95,24.54,-6.55,11.71,8.61,85,115,16.73,Udinese,16,4,4,8,18,25,16,25.14,24.38,16.94,15.42,8.96,12.17,9.6,102,81,28.15
17/01/2021,Napoli,Fiorentina,6-0,1.53,4.33,5.75,1.72,2.1,Napoli,16,10,1,5,34,16,31,34.43,32.91,14.77,12.48,20.43,12.32,16.9,144,61,34.75,Fiorentina,17,4,6,7,18,23,18,24.14,21.86,26.62,22.82,-0.96,9.75,9.94,94,97,23.8
17/01/2021,Crotone,Benevento,4-1,2.75,3.5,2.4,1.8,2.0,Crotone,17,2,3,12,17,40,9,14.84,11.79,31.01,28.73,-16.94,10.73,8.73,74,109,12.07,Benevento,17,6,3,8,20,30,21,18.78,16.35,32.51,30.22,-13.88,13.95,7.46,85,140,16.41
17/01/2021,Sassuolo,Parma Calcio 1913,1-1,1.66,4.3,4.5,1.57,2.37,Sassuolo,17,8,5,4,30,26,29,23.85,20.81,28.26,26.74,-5.93,9.44,13.78,133,147,20.55,Parma Calcio 1913,17,2,6,9,13,33,12,15.28,14.52,29.09,29.09,-14.57,13.14,10.38,64,133,15.26
17/01/2021,Atalanta,Genoa,0-0,1.2,7.0,13.0,1.4,3.0,Atalanta,16,9,4,3,40,22,31,36.05,34.53,17.09,14.81,19.72,9.67,11.79,183,73,32.54,Genoa,17,3,5,9,18,30,14,16.06,15.29,27.97,24.93,-9.63,12.89,8.13,70,121,16.54
17/01/2021,Inter,Juventus,2-0,2.4,3.5,2.8,1.66,2.2,Inter,17,11,4,2,43,23,37,36.47,33.34,23.33,20.14,13.2,9.71,15.65,160,85,32.07,Juventus,16,9,6,1,35,16,33,37.13,33.32,16.08,14.56,18.76,8.04,16.2,147,77,35.05
18/01/2021,Cagliari,AC Milan,0-2,5.75,4.75,1.5,1.53,2.5,Cagliari,17,3,5,9,23,34,14,19.76,17.48,37.0,34.71,-17.23,12.74,8.72,101,159,14.54,AC Milan,17,12,4,1,37,19,40,36.3,27.78,22.05,18.99,8.79,9.39,11.25,142,101,33.04
20/01/2021,Udinese,Atalanta,1-1,4.33,3.9,1.75,1.72,2.1,Udinese,17,4,4,9,19,27,16,27.93,27.16,18.45,16.16,11.0,12.28,9.55,107,88,30.51,Atalanta,17,9,5,3,40,22,32,38.13,36.61,18.0,15.71,20.9,9.48,12.1,199,74,34.77
22/01/2021,Benevento,Torino,2-2,2.8,3.2,2.6,1.9,1.9,Benevento,18,6,3,9,21,34,21,21.24,18.81,34.0,31.72,-12.91,13.38,7.65,96,146,18.42,Torino,18,2,7,9,26,35,13,20.78,18.49,29.84,26.8,-8.3,11.97,8.74,66,134,18.74
23/01/2021,Roma,Spezia,4-3,1.44,5.0,6.2,1.5,2.62,Roma,18,10,5,3,37,26,35,40.84,37.03,20.22,17.03,20.0,10.15,12.16,147,95,35.68,Spezia,18,4,6,8,23,32,18,20.41,18.13,31.94,27.27,-9.15,10.48,11.26,86,130,18.17
23/01/2021,AC Milan,Atalanta,0-3,2.62,3.8,2.45,1.61,2.3,AC Milan,18,13,4,1,39,19,43,38.0,28.72,23.24,20.18,8.53,9.32,11.69,150,110,34.85,Atalanta,18,9,6,3,41,23,33,39.42,37.89,18.42,16.13,21.76,9.25,12.29,210,74,36.93
23/01/2021,Udinese,Inter,0-0,6.0,4.0,1.57,1.8,2.0,Udinese,18,4,5,9,20,28,17,28.34,27.58,19.73,17.45,10.13,12.47,9.25,107,99,31.06,Inter,18,12,4,2,45,23,40,38.2,35.07,23.7,20.51,14.56,10.05,15.4,168,88,34.53
23/01/2021,Fiorentina,Crotone,2-1,1.61,4.0,5.25,1.9,1.9,Fiorentina,18,4,6,8,18,29,18,25.28,23.0,28.86,24.3,-1.3,9.94,10.26,101,102,24.37,Crotone,18,3,3,12,21,41,12,16.33,13.29,33.48,31.19,-17.91,10.8,8.62,80,120,12.85
24/01/2021,Juventus,Bologna,2-0,1.4,5.0,7.0,1.57,2.37,Juventus,17,9,6,2,35,18,33,37.49,33.69,17.81,16.29,17.4,8.27,16.37,150,85,35.4,Bologna,18,5,5,8,24,31,20,25.56,23.94,29.12,27.6,-3.66,8.93,10.01,108,109,24.26
24/01/2021,Genoa,Cagliari,1-0,2.25,3.5,3.1,1.9,1.9,Genoa,18,3,6,9,18,30,15,16.96,16.2,30.05,27.01,-10.81,13.13,8.04,71,137,17.11,Cagliari,18,3,5,10,23,36,14,20.96,18.67,38.7,35.65,-16.98,13.1,8.69,110,167,15.46
24/01/2021,Verona,Napoli,3-1,5.0,3.9,1.66,1.8,2.0,Verona,18,6,7,5,19,17,25,24.08,21.8,26.75,24.47,-2.67,8.75,8.16,98,132,23.42,Napoli,17,11,1,5,40,16,34,36.67,34.39,15.91,13.62,20.77,12.6,16.63,149,68,36.98
24/01/2021,Lazio,Sassuolo,2-1,1.7,4.0,4.75,1.61,2.3,Lazio,18,9,4,5,30,25,31,24.03,20.97,23.64,21.36,-0.39,10.46,12.22,107,97,23.88,Sassuolo,18,8,6,4,31,27,30,25.67,21.86,28.96,27.44,-5.58,9.36,13.61,146,148,22.86
24/01/2021,Parma Calcio 1913,Sampdoria,0-2,3.0,3.4,2.4,1.9,1.9,Parma Calcio 1913,18,2,7,9,14,34,13,15.98,15.22,30.91,30.15,-14.93,13.0,10.27,65,146,15.75,Sampdoria,18,7,2,9,28,29,23,21.78,18.74,32.74,27.33,-8.59,11.56,8.87,92,120,17.2
29/01/2021,Torino,Fiorentina,1-1,2.7,3.25,2.62,2.2,1.66,Torino,19,2,8,9,28,37,14,22.22,19.94,31.45,27.64,-7.7,11.46,9.06,69,137,19.92,Fiorentina,19,5,6,8,20,30,21,26.32,24.04,29.48,24.91,-0.87,10.02,10.22,108,102,26.11
30/01/2021,Bologna,AC Milan,1-2,4.0,3.8,1.85,1.72,2.1,Bologna,19,5,5,9,24,33,20,25.99,24.37,32.64,31.12,-6.75,8.98,10.19,113,119,24.33,AC Milan,19,13,4,2,39,22,43,39.74,30.46,25.64,21.82,8.64,9.29,11.62,155,122,35.8
30/01/2021,Sampdoria,Juventus,0-2,7.0,4.5,1.45,1.61,2.3,Sampdoria,19,8,2,9,30,29,26,23.97,20.93,33.79,28.38,-7.45,11.53,8.79,96,126,19.45,Juventus,18,10,6,2,37,18,36,41.02,37.21,18.24,16.72,20.49,8.51,15.92,160,90,38.29
30/01/2021,Inter,Benevento,4-0,1.22,6.5,12.0,1.44,2.75,Inter,19,12,5,2,45,23,41,38.93,35.8,23.91,20.72,15.08,9.93,15.76,179,91,36.39,Benevento,19,6,4,9,23,36,22,22.84,19.65,35.45,33.16,-13.52,13.71,7.46,99,149,19.96
31/01/2021,Spezia,Udinese,0-1,3.75,3.2,2.1,2.0,1.8,Spezia,19,4,6,9,26,36,18,21.87,19.59,34.53,29.87,-10.28,10.66,11.18,90,136,18.76,Udinese,19,4,6,9,20,28,18,28.55,27.79,20.46,18.17,9.62,12.89,9.17,110,110,31.78
31/01/2021,Atalanta,Lazio,1-3,1.7,4.2,4.33,1.5,2.62,Atalanta,19,10,6,3,44,23,36,41.81,39.53,20.16,17.88,21.65,9.3,12.1,222,79,38.75,Lazio,19,10,4,5,32,26,34,26.04,22.98,24.3,22.02,0.96,10.59,12.18,118,99,26.3
31/01/2021,Cagliari,Sassuolo,1-1,3.0,3.5,2.3,1.61,2.3,Cagliari,19,3,5,11,23,37,14,22.23,19.95,41.19,38.15,-18.2,13.06,8.94,122,171,16.02,Sassuolo,19,8,6,5,32,29,30,26.33,22.52,30.97,29.44,-6.93,9.48,13.57,148,159,23.25
31/01/2021,Crotone,Genoa,0-3,2.9,3.3,2.45,2.1,1.72,Crotone,19,3,3,13,22,43,12,16.94,13.9,34.51,32.23,-18.33,10.73,8.74,80,127,13.76,Genoa,19,4,6,9,19,30,18,19.46,18.69,31.33,28.28,-9.59,13.17,8.2,75,149,19.37
31/01/2021,Napoli,Parma Calcio 1913,2-0,1.3,5.5,10.0,1.53,2.5,Napoli,18,11,1,6,41,19,34,37.58,35.29,18.26,15.97,19.32,12.48,16.29,158,72,37.41,Parma Calcio 1913,19,2,7,10,14,36,13,17.04,16.28,33.1,32.34,-16.06,12.62,10.31,71,150,16.29
31/01/2021,Roma,Verona,3-1,1.65,3.9,5.25,1.61,2.3,Roma,19,11,5,3,41,29,38,43.43,39.63,21.68,18.49,21.14,10.14,12.27,153,99,37.87,Verona,19,7,7,5,22,18,28,26.43,24.15,27.66,25.37,-1.23,8.82,8.27,102,141,25.82
05/02/2021,Fiorentina,Inter,0-2,6.5,4.2,1.5,1.9,1.9,Fiorentina,20,5,7,8,21,31,22,27.81,25.52,31.64,27.07,-1.55,10.04,9.87,113,110,27.0,Inter,20,13,5,2,49,23,44,40.59,37.46,23.91,20.72,16.74,9.88,15.87,189,95,39.11
06/02/2021,Atalanta,Torino,3-3,1.4,5.0,7.0,1.53,2.5,Atalanta,20,10,6,4,45,26,36,42.99,40.71,22.55,20.27,20.44,9.09,12.1,228,84,39.25,Torino,20,2,9,9,29,38,15,24.39,22.1,32.93,29.12,-7.02,10.99,9.12,77,142,21.78
06/02/2021,Sassuolo,Spezia,1-2,1.8,3.8,4.33,1.57,2.37,Sassuolo,20,8,7,5,33,30,31,28.22,24.42,31.85,30.32,-5.91,9.34,13.87,158,162,25.44,Spezia,20,4,6,10,26,37,18,22.69,20.4,35.74,30.31,-9.91,10.27,11.32,92,137,19.66
06/02/2021,Juventus,Roma,2-0,1.72,4.0,4.33,1.57,2.37,Juventus,19,11,6,2,39,18,39,42.65,38.85,18.48,16.96,21.89,8.52,16.07,169,92,40.89,Roma,20,12,5,3,44,30,41,45.62,41.81,22.41,19.22,22.59,10.15,12.04,160,107,40.3
06/02/2021,Genoa,Napoli,2-1,5.0,3.9,1.66,1.72,2.1,Genoa,20,5,6,9,22,30,21,20.71,19.95,31.97,28.92,-8.98,12.77,8.24,83,151,21.28,Napoli,19,12,1,6,43,19,37,38.63,36.35,18.8,16.51,19.84,12.41,16.0,160,76,39.25
07/02/2021,Benevento,Sampdoria,1-1,3.0,3.25,2.4,1.8,2.0,Benevento,20,6,4,10,23,40,22,22.84,19.65,37.1,34.82,-15.17,13.93,7.55,103,159,20.1,Sampdoria,20,8,2,10,30,31,26,24.21,21.17,35.43,30.02,-8.85,11.84,8.79,98,135,19.7
07/02/2021,AC Milan,Crotone,4-0,1.22,6.5,13.0,1.53,2.5,AC Milan,20,14,4,2,41,23,46,43.07,32.14,26.98,23.16,8.97,9.24,11.5,164,127,38.44,Crotone,20,3,3,14,22,46,12,17.58,14.54,35.76,33.48,-18.95,10.68,8.68,82,135,14.55
07/02/2021,Udinese,Verona,2-0,2.3,3.1,3.3,2.2,1.66,Udinese,20,5,6,9,21,28,21,29.76,28.23,21.27,18.99,9.25,12.94,8.88,111,112,33.56,Verona,20,7,7,6,23,21,28,27.16,24.88,29.84,27.56,-2.68,8.8,8.38,110,148,26.22
07/02/2021,Parma Calcio 1913,Bologna,0-3,3.2,3.3,2.3,2.0,1.8,Parma Calcio 1913,20,2,7,11,14,38,13,17.58,16.82,34.16,33.39,-16.58,12.57,10.37,75,152,17.11,Bologna,20,5,5,10,25,35,20,27.33,25.71,35.97,32.8,-7.08,9.03,10.09,118,128,24.58
07/02/2021,Lazio,Cagliari,1-0,1.36,5.0,8.0,1.57,2.37,Lazio,20,11,4,5,35,27,37,28.43,25.37,25.48,23.2,2.17,10.66,11.67,123,105,28.6,Cagliari,20,3,6,11,24,38,15,23.11,20.83,43.09,40.04,-19.22,13.39,8.84,125,181,16.6
12/02/2021,Bologna,Benevento,1-1,1.8,3.6,4.33,1.72,2.1,Bologna,21,6,5,10,28,35,23,28.79,27.16,36.76,33.58,-6.42,9.21,9.9,121,135,26.5,Benevento,21,6,5,10,24,41,23,23.79,20.6,38.81,36.52,-15.93,13.82,7.46,110,163,20.86
13/02/2021,Torino,Genoa,0-0,1.9,3.4,4.2,2.0,1.8,Torino,21,2,10,9,32,41,16,27.19,24.03,34.99,31.18,-7.15,11.04,8.91,83,152,23.72,Genoa,21,6,6,9,24,31,24,21.8,21.04,34.06,31.01,-9.97,12.91,8.13,86,162,21.96
13/02/2021,Napoli,Juventus,1-0,3.8,3.6,1.95,1.9,1.9,Napoli,20,12,1,7,44,21,37,40.73,38.44,19.89,17.61,20.84,11.98,15.98,171,79,41.32,Juventus,20,12,6,2,41,18,42,42.91,39.1,19.14,17.61,21.49,8.93,15.88,175,97,41.76
13/02/2021,Spezia,AC Milan,2-0,6.75,4.6,1.45,1.66,2.2,Spezia,21,5,6,10,28,38,21,24.34,22.06,36.71,31.28,-9.23,10.2,11.12,99,144,21.6,AC Milan,21,15,4,2,45,23,49,46.34,35.4,27.46,23.65,11.76,9.31,11.46,172,131,41.32
14/02/2021,Roma,Udinese,3-0,1.72,3.8,4.75,1.72,2.1,Roma,21,12,5,4,44,32,41,46.27,42.46,22.66,19.47,22.99,10.3,12.39,165,113,41.97,Udinese,21,6,6,9,23,28,24,31.97,30.45,21.6,19.31,11.14,12.91,8.85,116,116,36.26
14/02/2021,Cagliari,Atalanta,0-1,6.5,4.75,1.44,1.5,2.62,Cagliari,21,3,6,12,24,39,15,24.35,22.06,44.1,41.06,-18.99,13.39,8.81,126,193,18.16,Atalanta,21,10,7,4,48,29,37,45.05,42.77,25.35,22.19,20.57,8.89,12.1,238,90,40.08
14/02/2021,Sampdoria,Fiorentina,2-1,2.87,3.4,2.45,1.9,1.9,Sampdoria,21,8,3,10,31,32,27,25.92,22.87,36.38,30.97,-8.1,11.58,8.91,102,142,21.69,Fiorentina,21,5,7,9,21,33,22,28.35,26.07,34.12,29.55,-3.49,10.28,10.01,115,120,27.23
14/02/2021,Crotone,Sassuolo,1-2,3.7,3.8,1.9,1.66,2.2,Crotone,21,3,3,15,22,50,12,18.06,15.02,39.03,36.75,-21.73,10.67,8.77,86,143,14.62,Sassuolo,21,8,7,6,34,32,31,29.2,25.39,33.5,31.98,-6.59,9.22,13.58,165,169,26.22
14/02/2021,Inter,Lazio,3-1,1.75,3.9,4.5,1.66,2.2,Inter,21,14,5,2,51,23,47,43.07,39.94,24.45,21.26,18.68,10.02,15.91,199,97,41.77,Lazio,21,12,4,5,36,27,40,29.44,26.39,26.72,24.43,1.95,10.56,11.74,135,106,29.73
15/02/2021,Verona,Parma Calcio 1913,2-1,2.0,3.3,4.0,2.1,1.72,Verona,21,7,7,7,23,23,28,27.48,25.2,32.06,29.77,-4.57,8.77,8.53,114,153,26.41,Parma Calcio 1913,21,2,7,12,14,41,13,18.36,17.6,35.61,34.85,-17.24,12.2,10.48,82,155,17.93
19/02/2021,Fiorentina,Spezia,3-0,2.0,3.4,3.8,2.0,1.8,Fiorentina,22,5,7,10,22,35,22,29.63,27.35,35.49,30.93,-3.58,10.08,9.87,121,123,28.47,Spezia,22,6,6,10,30,38,24,25.67,23.39,37.23,31.81,-8.42,10.12,11.08,108,144,23.7
19/02/2021,Cagliari,Torino,0-1,2.87,3.3,2.45,2.1,1.72,Cagliari,22,3,6,13,24,40,15,24.55,22.27,45.07,42.03,-19.76,13.37,8.67,130,199,18.7,Torino,22,2,11,9,32,41,17,27.6,24.44,35.2,31.39,-6.95,11.17,9.02,89,157,25.18
20/02/2021,Lazio,Sampdoria,1-0,1.61,4.2,5.0,1.66,2.2,Lazio,22,12,4,6,37,30,40,30.42,27.36,29.13,26.09,1.27,10.7,12.19,146,116,30.12,Sampdoria,22,9,3,10,33,33,30,27.29,24.24,37.66,32.25,-8.0,11.37,8.78,105,148,23.16
20/02/2021,Genoa,Verona,2-2,2.7,3.1,2.8,2.2,1.66,Genoa,22,6,7,9,24,31,25,22.01,21.25,34.47,31.42,-10.17,12.91,8.35,91,168,22.92,Verona,22,8,7,7,25,24,31,28.74,26.46,33.34,30.3,-3.84,8.52,8.51,122,156,27.72
20/02/2021,Sassuolo,Bologna,1-1,2.3,3.4,3.1,1.61,2.3,Sassuolo,22,9,7,6,36,33,34,31.98,27.41,34.24,32.71,-5.31,8.96,13.67,178,173,28.9,Bologna,22,6,6,10,29,36,24,30.7,29.08,37.56,34.38,-5.3,9.13,9.92,131,140,28.76
21/02/2021,Parma Calcio 1913,Udinese,2-2,3.6,3.3,2.1,2.2,1.66,Parma Calcio 1913,22,2,7,13,15,43,13,19.65,18.12,36.87,36.1,-17.98,12.03,10.1,85,163,19.29,Udinese,22,6,6,10,23,31,24,32.28,30.76,24.58,21.53,9.23,12.83,8.85,120,128,36.32
21/02/2021,AC Milan,Inter,0-3,3.6,3.6,2.0,1.72,2.1,AC Milan,22,15,4,3,45,25,49,46.86,35.92,28.8,24.98,10.94,9.32,11.29,172,140,41.95,Inter,22,15,5,2,54,24,50,45.48,41.59,25.43,22.24,19.36,10.45,15.92,209,108,44.22
21/02/2021,Atalanta,Napoli,4-2,1.83,3.8,4.0,1.66,2.2,Atalanta,22,11,7,4,49,29,40,46.02,43.73,25.56,22.4,21.34,8.78,12.16,244,94,42.2,Napoli,21,13,1,7,45,21,40,41.78,38.74,21.91,19.62,19.12,12.32,15.43,173,87,41.99
21/02/2021,Benevento,Roma,0-0,5.5,4.5,1.53,1.5,2.62,Benevento,22,6,6,10,25,42,24,24.59,21.4,40.73,38.44,-17.04,13.63,7.46,115,173,21.39,Roma,22,13,5,4,47,32,44,49.25,44.68,22.97,19.78,24.9,10.22,12.34,177,117,44.88
22/02/2021,Juventus,Crotone,3-0,1.16,8.0,15.0,1.5,2.62,Juventus,21,12,6,3,41,19,42,44.92,41.11,20.19,17.91,23.21,8.82,16.04,183,99,43.84,Crotone,22,3,3,16,23,52,12,18.8,15.76,41.81,38.77,-23.01,10.88,8.6,90,156,14.84
27/02/2021,Spezia,Parma Calcio 1913,2-2,2.37,3.2,3.2,2.0,1.8,Spezia,23,6,6,11,30,41,24,26.53,24.24,39.32,33.89,-9.64,10.09,11.13,115,151,24.18,Parma Calcio 1913,23,2,8,13,17,45,14,22.37,20.08,38.21,37.45,-17.37,11.98,10.08,93,169,21.61
27/02/2021,Bologna,Lazio,2-0,3.5,3.6,2.05,1.72,2.1,Bologna,23,6,7,10,30,37,25,31.25,29.63,39.31,36.14,-6.51,9.4,9.61,135,168,29.26,Lazio,23,13,4,6,38,30,43,31.79,28.73,30.41,27.36,1.37,10.47,12.05,156,122,31.55
27/02/2021,Verona,Juventus,1-1,6.0,4.2,1.53,1.72,2.1,Verona,23,8,8,7,27,26,32,29.92,27.64,34.28,31.24,-3.6,8.59,8.48,132,160,29.28,Juventus,22,13,6,3,44,19,45,49.34,45.53,20.85,18.56,26.97,8.86,16.12,188,103,46.75
28/02/2021,Sampdoria,Atalanta,0-2,5.0,4.0,1.61,1.53,2.5,Sampdoria,23,9,3,11,33,34,30,28.56,25.52,39.03,33.62,-8.1,11.3,8.65,111,158,24.44,Atalanta,23,12,7,4,53,31,43,48.7,46.42,26.18,23.02,23.39,8.82,12.18,256,96,44.92
28/02/2021,Crotone,Cagliari,0-2,3.3,3.6,2.1,1.9,1.9,Crotone,23,3,3,17,23,55,12,19.46,16.41,46.23,43.19,-26.78,11.13,8.64,94,161,14.9,Cagliari,23,3,6,14,24,41,15,25.36,23.07,46.23,43.19,-20.11,13.06,8.58,136,208,19.67
28/02/2021,Inter,Genoa,3-0,1.18,7.0,15.0,1.5,2.62,Inter,23,16,5,2,57,24,53,48.44,44.55,26.14,22.95,21.6,10.69,15.64,217,120,46.93,Genoa,23,6,8,9,26,33,26,22.95,22.19,35.64,32.6,-10.41,12.66,8.41,95,178,24.06
28/02/2021,Udinese,Fiorentina,1-0,2.37,3.25,3.1,2.2,1.66,Udinese,23,6,7,10,25,33,25,33.63,32.11,27.3,23.49,8.62,12.69,8.92,126,136,36.83,Fiorentina,23,6,7,10,25,35,25,31.71,29.43,36.35,31.78,-2.35,10.17,9.84,128,130,30.79
28/02/2021,Napoli,Benevento,2-0,1.4,4.75,7.5,1.57,2.37,Napoli,22,13,1,8,47,25,40,42.41,39.36,24.59,22.31,17.06,12.33,15.0,175,99,42.17,Benevento,23,6,7,10,25,42,25,24.84,21.64,41.64,39.36,-17.71,13.9,7.29,115,181,22.0
28/02/2021,Roma,AC Milan,1-2,2.25,3.5,3.1,1.61,2.3,Roma,23,13,6,4,47,32,45,50.17,45.6,23.22,20.03,25.57,9.93,12.6,185,117,46.91,AC Milan,23,15,4,4,45,28,49,47.57,36.63,31.75,27.93,8.7,9.36,11.54,184,148,42.15
02/03/2021,Juventus,Spezia,3-0,1.25,6.0,12.0,1.57,2.37,Juventus,23,13,7,3,45,20,46,50.56,46.76,21.55,19.26,27.49,8.78,15.45,196,109,48.55,Spezia,24,6,7,11,32,43,25,28.03,25.75,40.54,35.11,-9.37,9.82,11.02,119,155,25.81
03/03/2021,Sassuolo,Napoli,3-3,3.6,3.5,2.05,1.66,2.2,Sassuolo,23,9,8,6,37,34,35,33.73,29.16,34.78,33.26,-4.1,8.66,13.86,206,177,31.18,Napoli,23,14,1,8,49,25,43,44.76,41.71,25.02,22.74,18.97,12.15,15.07,180,101,44.94
03/03/2021,Atalanta,Crotone,5-1,1.16,7.5,15.0,1.4,3.0,Atalanta,24,13,7,4,55,31,46,50.08,47.79,26.64,23.48,24.31,8.91,12.11,268,99,47.0,Crotone,24,3,3,18,23,57,12,20.32,17.27,47.71,43.9,-26.63,10.89,8.7,102,163,15.67
03/03/2021,Benevento,Verona,0-3,3.25,3.3,2.3,1.9,1.9,Benevento,24,6,7,11,25,44,25,25.27,22.07,43.99,41.71,-19.63,14.02,7.34,117,186,22.13,Verona,24,8,9,7,28,27,33,30.62,28.34,35.51,32.46,-4.12,8.47,8.41,138,168,30.17
03/03/2021,Cagliari,Bologna,1-0,2.5,3.25,2.87,1.9,1.9,Cagliari,24,4,6,14,26,41,18,26.83,23.79,47.09,44.05,-20.26,12.96,8.47,138,216,21.63,Bologna,24,7,7,10,32,37,28,32.56,30.93,41.81,37.87,-6.94,9.53,9.37,139,188,29.82
03/03/2021,Fiorentina,Roma,1-2,3.6,3.5,2.0,1.8,2.0,Fiorentina,24,6,7,11,25,36,25,32.11,29.82,37.36,32.79,-2.97,10.19,10.02,135,133,31.49,Roma,24,13,6,5,48,34,45,51.37,46.8,26.47,22.52,24.28,9.92,12.57,195,122,47.22
03/03/2021,Genoa,Sampdoria,1-1,3.0,3.2,2.45,2.1,1.72,Genoa,24,6,8,10,26,36,26,23.06,22.3,38.5,35.45,-13.16,12.89,8.62,95,193,24.12,Sampdoria,24,9,3,12,33,36,30,29.02,25.98,40.4,34.99,-9.02,11.28,8.77,114,170,25.08
03/03/2021,AC Milan,Udinese,1-1,1.8,3.6,4.5,1.8,2.0,AC Milan,24,16,4,4,47,29,52,50.81,39.12,32.95,29.13,9.99,9.46,11.44,189,158,44.73,Udinese,24,7,7,10,26,33,28,34.64,33.12,27.69,23.89,9.23,12.8,8.98,129,143,38.8
04/03/2021,Parma Calcio 1913,Inter,1-2,11.0,6.0,1.25,1.5,2.62,Parma Calcio 1913,24,2,9,13,19,47,15,23.59,21.31,39.72,38.95,-17.65,11.82,9.81,97,173,22.69,Inter,24,17,5,2,60,24,56,51.29,47.4,26.24,23.05,24.35,10.83,15.82,232,120,49.83
06/03/2021,Spezia,Benevento,1-1,2.1,3.5,3.4,1.9,1.9,Spezia,25,6,7,12,32,46,25,29.29,26.25,43.16,37.73,-11.48,9.89,10.96,130,171,26.23,Benevento,25,6,7,12,25,47,25,25.61,22.42,45.81,43.52,-21.1,14.0,7.42,125,196,22.42
06/03/2021,Udinese,Sassuolo,2-0,2.4,3.3,2.9,1.9,1.9,Udinese,25,7,8,10,27,34,29,35.41,33.89,29.0,24.44,9.45,12.7,8.83,133,157,39.61,Sassuolo,24,9,9,6,40,37,36,36.2,30.11,37.33,35.04,-4.93,8.69,14.09,213,184,32.49
06/03/2021,Juventus,Lazio,3-1,1.85,3.75,4.0,1.72,2.1,Juventus,24,14,7,3,48,20,49,53.18,49.37,22.81,19.76,29.61,8.82,15.29,212,120,50.96,Lazio,24,13,4,7,38,32,43,34.29,30.47,31.71,28.67,1.8,10.19,12.11,176,126,33.79
07/03/2021,Roma,Genoa,1-0,1.5,4.2,6.5,1.72,2.1,Roma,25,14,6,5,50,35,48,52.75,48.18,26.91,22.96,25.22,9.84,12.7,202,124,49.45,Genoa,25,6,9,10,27,37,27,23.34,22.58,39.05,36.01,-13.43,12.7,8.75,101,197,25.08
07/03/2021,Crotone,Torino,4-2,3.6,3.4,2.05,2.04,1.86,Crotone,25,3,3,19,24,62,12,20.92,17.87,51.54,47.74,-29.87,11.07,8.66,103,179,15.74,Torino,23,3,11,9,33,41,20,28.76,25.6,36.0,32.2,-6.6,10.96,8.94,98,163,26.89
07/03/2021,Fiorentina,Parma Calcio 1913,3-3,1.9,3.5,4.1,2.0,1.8,Fiorentina,25,6,7,12,26,38,25,32.55,30.26,38.74,34.17,-3.91,10.38,9.93,137,140,32.0,Parma Calcio 1913,25,2,9,14,20,49,15,24.4,22.11,43.17,42.41,-20.3,11.98,9.91,100,184,22.83
07/03/2021,Verona,AC Milan,0-2,3.6,3.3,2.1,1.9,1.9,Verona,25,9,9,7,31,27,36,32.44,30.15,35.85,32.81,-2.65,8.51,8.56,148,176,32.73,AC Milan,25,16,5,4,48,30,53,52.13,39.67,33.72,29.91,9.77,9.28,11.4,203,162,46.59
07/03/2021,Sampdoria,Cagliari,2-2,2.35,3.4,3.0,2.0,1.8,Sampdoria,25,9,4,12,34,37,31,29.58,26.53,40.69,35.27,-8.74,11.32,8.8,118,176,26.64,Cagliari,25,5,6,14,27,41,21,27.75,24.71,47.66,44.62,-19.91,12.81,8.35,141,221,23.3
07/03/2021,Napoli,Bologna,3-1,1.53,4.2,6.0,1.66,2.2,Napoli,24,14,2,8,52,28,44,47.3,43.49,27.49,23.69,19.81,12.45,14.79,187,108,46.36,Bologna,25,7,7,11,32,38,28,33.13,31.51,42.73,38.79,-7.29,9.36,9.41,144,191,30.79
08/03/2021,Inter,Atalanta,1-0,2.05,3.6,3.4,1.66,2.2,Inter,25,18,5,2,62,25,59,54.75,50.86,27.05,23.86,27.01,10.88,15.87,243,123,52.63,Atalanta,25,14,7,4,60,32,49,53.91,51.63,27.24,24.08,27.54,8.87,12.24,284,100,49.9
12/03/2021,Lazio,Crotone,3-2,1.25,6.5,10.0,1.44,2.75,Lazio,25,13,4,8,39,35,43,35.16,31.34,33.16,29.35,1.99,10.31,11.83,183,130,34.6,Crotone,26,4,3,19,28,64,15,23.52,19.71,53.51,49.71,-29.99,11.03,8.54,107,185,17.58
12/03/2021,Atalanta,Spezia,3-1,1.28,5.75,9.5,1.57,2.37,Atalanta,26,14,7,5,60,33,49,54.59,52.3,27.42,24.26,28.04,8.87,12.2,288,104,51.7,Spezia,26,6,8,12,33,47,26,30.97,27.93,43.48,38.05,-10.12,9.73,11.12,133,176,28.82
13/03/2021,Sassuolo,Verona,3-2,2.37,3.25,3.1,1.9,1.9,Sassuolo,25,9,9,7,40,39,36,37.15,31.06,39.05,36.77,-5.71,8.44,14.46,220,192,33.23,Verona,26,9,9,8,31,29,36,33.56,31.28,36.87,33.83,-2.55,8.51,8.61,151,178,34.17
13/03/2021,Benevento,Fiorentina,1-4,3.4,3.25,2.2,2.1,1.72,Benevento,26,6,8,12,26,48,26,25.93,22.74,47.49,45.2,-22.46,14.06,7.35,130,199,22.68,Fiorentina,26,6,8,12,29,41,26,33.8,31.52,41.41,36.08,-4.56,10.46,9.75,140,144,32.4
13/03/2021,Genoa,Udinese,1-1,3.2,3.0,2.45,2.5,1.53,Genoa,26,6,9,11,27,38,27,23.57,22.8,40.17,37.12,-14.32,12.77,8.9,102,208,25.6,Udinese,26,8,8,10,29,34,32,37.14,35.61,29.95,25.38,10.23,13.11,8.61,141,164,41.6
14/03/2021,Bologna,Sampdoria,3-1,2.25,3.4,3.2,1.9,1.9,Bologna,26,7,7,12,33,41,28,33.9,32.28,43.96,40.02,-7.74,9.31,9.49,149,194,31.73,Sampdoria,26,9,5,12,36,39,32,30.1,27.06,41.67,36.25,-9.2,11.3,8.93,122,178,27.47
14/03/2021,Parma Calcio 1913,Roma,2-0,5.5,3.75,1.65,1.66,2.2,Parma Calcio 1913,26,2,10,14,23,52,16,27.07,24.02,44.43,43.67,-19.65,11.7,10.01,104,187,25.26,Roma,26,15,6,5,51,35,51,53.86,49.29,27.14,23.18,26.11,9.94,12.77,213,125,51.61
14/03/2021,Torino,Inter,1-2,8.0,5.0,1.36,1.66,2.2,Torino,24,3,11,10,35,45,20,30.73,27.57,38.6,34.04,-6.47,10.68,8.97,104,167,27.81,Inter,26,19,5,2,63,25,62,54.94,51.05,27.73,24.54,26.51,10.9,15.42,247,127,53.36
14/03/2021,Cagliari,Juventus,1-3,6.0,4.0,1.55,1.66,2.2,Cagliari,26,5,7,14,29,43,22,28.73,25.69,48.19,45.15,-19.46,12.79,8.44,143,225,25.13,Juventus,25,15,7,3,51,21,52,54.63,50.06,23.69,20.64,29.42,8.76,15.23,216,127,52.88
14/03/2021,AC Milan,Napoli,0-1,2.55,3.3,2.8,1.9,1.9,AC Milan,26,17,5,4,50,30,56,53.15,40.69,34.84,31.03,9.67,9.3,11.3,205,165,47.82,Napoli,25,15,2,8,55,29,47,48.53,44.72,28.26,24.46,20.26,12.42,14.49,190,113,48.12
17/03/2021,Torino,Sassuolo,3-2,2.45,3.4,2.8,1.8,2.0,Torino,25,3,11,11,36,47,20,32.08,28.92,41.12,35.79,-6.87,11.06,8.88,104,179,28.33,Sassuolo,26,10,9,7,43,41,39,38.71,32.62,40.53,38.25,-5.63,8.67,14.11,226,201,34.7
19/03/2021,Parma Calcio 1913,Genoa,1-2,2.55,3.1,2.9,2.3,1.61,Parma Calcio 1913,27,3,10,14,25,52,19,29.16,25.36,46.11,45.35,-19.99,11.7,9.9,107,206,27.0,Genoa,27,6,10,11,28,39,28,25.21,24.45,42.08,38.28,-13.82,12.58,9.23,105,215,26.71
20/03/2021,Crotone,Bologna,2-3,3.5,3.6,2.05,1.72,2.1,Crotone,27,4,3,20,30,67,15,24.9,20.33,56.22,52.41,-32.08,11.28,8.43,107,192,18.15,Bologna,27,8,7,12,36,42,31,36.16,34.54,45.52,41.59,-7.04,9.34,9.45,155,203,33.65
20/03/2021,Spezia,Cagliari,2-1,2.7,3.1,2.8,2.0,1.8,Spezia,27,6,8,13,34,50,26,32.22,29.18,45.49,40.06,-10.89,9.93,11.19,141,185,29.6,Cagliari,27,5,7,15,30,46,22,29.39,26.34,50.53,46.73,-20.38,12.73,8.61,151,235,25.41
21/03/2021,Verona,Atalanta,0-2,5.0,4.0,1.65,1.72,2.1,Verona,27,9,9,9,33,32,36,35.04,32.75,38.44,35.39,-2.64,8.45,8.81,160,184,35.45,Atalanta,27,15,7,5,63,34,52,56.6,54.32,28.67,25.51,28.81,9.01,12.36,297,112,53.66
21/03/2021,Juventus,Benevento,0-1,1.18,7.0,15.0,1.44,2.75,Juventus,26,16,7,3,54,22,55,56.97,51.64,24.34,21.3,30.34,8.93,15.05,226,135,55.45,Benevento,27,6,8,13,27,52,26,27.48,24.28,49.76,47.47,-23.19,13.76,7.52,136,202,23.56
21/03/2021,Sampdoria,Torino,1-0,2.37,3.3,3.0,2.0,1.8,Sampdoria,27,9,5,13,37,42,32,31.67,28.63,43.93,38.52,-9.89,11.2,8.97,131,184,28.33,Torino,26,4,11,11,39,49,23,34.24,31.08,42.53,37.2,-6.13,11.08,8.84,110,187,30.3
21/03/2021,Udinese,Lazio,0-1,3.6,3.25,2.15,2.1,1.72,Udinese,27,8,9,10,30,35,33,39.05,36.77,31.6,27.03,9.74,13.48,8.6,148,167,43.21,Lazio,26,14,4,8,42,37,46,37.87,34.05,34.54,29.97,4.08,10.09,12.06,190,130,36.85
21/03/2021,Fiorentina,AC Milan,2-3,3.6,3.4,2.1,1.9,1.9,Fiorentina,27,7,8,12,33,42,29,36.07,33.79,42.95,37.62,-3.83,10.53,9.66,143,150,34.3,AC Milan,27,17,5,5,50,31,56,54.63,42.18,36.19,32.38,9.8,9.42,11.41,208,172,49.29
21/03/2021,Roma,Napoli,0-2,2.6,3.5,2.62,1.66,2.2,Roma,27,15,6,6,51,37,51,55.54,50.97,29.24,24.52,26.46,9.85,12.74,232,128,52.62,Napoli,26,16,2,8,56,29,50,49.87,46.07,29.75,25.94,20.13,12.5,14.45,197,116,49.36
03/04/2021,AC Milan,Sampdoria,1-1,1.5,4.33,6.5,1.61,2.3,AC Milan,28,18,5,5,53,33,59,56.47,44.01,36.64,32.82,11.19,9.35,11.52,216,174,51.77,Sampdoria,28,10,5,13,38,42,35,32.45,29.4,44.67,39.26,-9.86,11.21,8.85,134,188,29.69
03/04/2021,Atalanta,Udinese,3-2,1.4,4.5,8.0,1.72,2.1,Atalanta,28,16,7,5,65,34,55,58.67,55.62,28.81,25.65,29.97,8.96,12.15,304,115,56.45,Udinese,28,8,9,11,30,36,33,40.97,38.69,33.11,28.54,10.15,13.56,8.7,154,173,44.89
03/04/2021,Benevento,Parma Calcio 1913,2-2,2.62,3.3,2.7,1.9,1.9,Benevento,28,7,8,13,28,52,29,27.72,24.53,52.07,49.79,-25.25,13.64,7.35,140,206,23.71,Parma Calcio 1913,28,3,10,15,26,54,19,31.26,27.45,47.01,46.25,-18.79,11.49,10.18,116,206,29.29
03/04/2021,Cagliari,Verona,0-2,2.5,3.3,2.8,2.1,1.72,Cagliari,28,5,7,16,31,48,22,32.34,29.29,51.57,47.76,-18.47,12.69,8.62,159,241,27.97,Verona,28,9,9,10,33,34,36,35.18,32.9,40.51,36.7,-3.8,8.4,8.77,163,191,35.57
03/04/2021,Genoa,Fiorentina,1-1,3.3,3.0,2.37,2.2,1.66,Genoa,28,7,10,11,30,40,31,26.11,25.35,44.18,40.37,-15.02,12.81,9.14,105,224,27.22,Fiorentina,28,7,8,13,35,45,29,36.52,34.23,44.78,39.45,-5.22,10.66,9.58,145,158,34.66
03/04/2021,Lazio,Spezia,2-1,1.4,4.75,7.0,1.66,2.2,Lazio,27,15,4,8,43,37,49,39.38,35.56,36.46,31.89,3.67,10.16,12.18,196,136,37.91,Spezia,28,7,8,13,36,51,29,33.26,30.21,48.44,43.01,-12.8,9.89,11.2,147,193,29.92
03/04/2021,Napoli,Crotone,4-3,1.22,6.0,14.0,1.5,2.62,Napoli,27,17,2,8,58,29,53,50.95,47.14,30.48,26.67,20.47,12.48,14.49,203,124,51.0,Crotone,28,4,3,21,32,70,15,26.84,21.52,60.07,56.26,-34.75,11.19,8.33,115,201,18.58
03/04/2021,Sassuolo,Roma,2-2,4.5,4.5,1.61,1.53,2.5,Sassuolo,27,10,9,8,45,44,39,40.13,34.04,42.68,40.4,-6.36,8.63,14.01,234,207,35.5,Roma,28,15,6,7,51,39,51,56.28,51.71,30.31,25.59,26.11,10.01,12.71,240,134,53.65
03/04/2021,Torino,Juventus,2-2,6.0,4.5,1.5,1.66,2.2,Torino,27,4,11,12,39,50,23,34.97,31.82,43.31,37.98,-6.16,10.88,8.93,114,190,31.56,Juventus,27,16,7,4,54,23,55,59.28,53.95,24.59,21.54,32.41,8.68,14.89,230,139,58.19
03/04/2021,Bologna,Inter,0-1,7.5,4.5,1.44,1.57,2.37,Bologna,28,9,7,12,39,44,34,40.02,38.39,47.47,42.77,-4.38,9.18,9.42,164,211,36.1,Inter,27,20,5,2,65,26,65,57.45,52.8,29.08,25.89,26.91,10.73,15.73,259,127,55.62
07/04/2021,Inter,Sassuolo,2-1,1.33,5.25,9.0,1.44,2.75,Inter,28,21,5,2,66,26,68,59.57,54.92,30.35,27.16,27.76,10.77,15.61,269,135,57.67,Sassuolo,28,10,10,8,47,46,40,43.51,37.42,44.24,41.19,-3.78,8.71,14.26,242,211,38.04
07/04/2021,Juventus,Napoli,2-1,1.95,3.6,3.8,1.72,2.1,Juventus,28,16,8,4,56,25,56,62.58,57.25,25.75,22.7,34.55,8.63,14.87,239,141,60.85,Napoli,28,18,2,8,62,32,56,54.4,50.59,31.65,27.85,22.75,12.33,14.68,223,126,53.63
10/04/2021,Spezia,Crotone,3-2,1.75,4.2,4.0,1.61,2.3,Spezia,29,7,8,14,37,53,29,34.2,31.15,50.81,44.62,-13.47,9.96,11.13,147,200,30.32,Crotone,29,4,3,22,35,74,15,28.02,22.69,63.52,59.71,-37.03,11.47,8.34,117,221,18.84
10/04/2021,Parma Calcio 1913,AC Milan,1-3,5.25,3.75,1.66,1.72,2.1,Parma Calcio 1913,29,3,11,15,28,56,20,32.47,28.66,48.4,47.63,-18.97,11.25,10.27,127,209,30.42,AC Milan,29,18,6,5,54,34,60,57.43,44.98,37.65,33.84,11.14,9.31,11.6,233,178,53.0
10/04/2021,Udinese,Torino,0-1,2.4,3.3,3.0,2.2,1.66,Udinese,29,8,9,12,32,39,33,41.71,39.43,35.74,31.17,8.25,13.81,8.53,158,200,45.19,Torino,28,4,12,12,41,52,24,36.13,32.98,46.6,41.28,-8.3,11.0,8.87,116,199,31.79
11/04/2021,Inter,Cagliari,1-0,1.25,6.0,12.0,1.53,2.5,Inter,29,22,5,2,68,27,71,60.85,56.2,31.22,28.03,28.17,11.18,15.43,276,143,59.39,Cagliari,29,5,7,17,31,50,22,33.58,30.54,52.87,49.07,-18.53,12.63,8.6,169,255,29.25
11/04/2021,Juventus,Genoa,3-1,1.25,6.0,11.0,1.61,2.3,Juventus,29,17,8,4,58,26,59,64.19,58.86,27.11,23.31,35.55,8.75,14.77,243,147,62.38,Genoa,29,7,11,11,31,41,32,27.29,26.53,45.08,41.28,-14.75,12.78,9.29,108,228,28.82
11/04/2021,Sampdoria,Napoli,0-2,4.75,3.75,1.72,1.66,2.2,Sampdoria,29,10,6,13,39,43,36,33.46,30.42,45.64,40.22,-9.81,11.28,8.83,138,205,31.12,Napoli,29,18,2,9,63,34,56,55.76,51.2,33.26,29.46,21.74,12.34,14.6,229,130,54.81
11/04/2021,Verona,Lazio,0-1,3.6,3.5,2.05,1.9,1.9,Verona,29,10,9,10,35,34,39,36.48,34.2,41.75,37.94,-3.74,8.4,8.8,177,201,37.0,Lazio,28,16,4,8,45,38,52,41.75,37.17,37.4,32.83,4.34,10.13,12.17,203,136,40.34
11/04/2021,Roma,Bologna,1-0,1.72,4.0,4.33,1.53,2.5,Roma,29,15,7,7,53,41,52,57.83,52.5,33.69,28.97,23.53,10.34,12.66,244,142,53.98,Bologna,29,9,7,13,39,45,34,41.28,39.66,49.59,44.89,-5.23,9.27,9.51,172,221,36.8
11/04/2021,Fiorentina,Atalanta,2-3,5.0,4.5,1.57,1.66,2.2,Fiorentina,29,7,9,13,36,46,30,37.42,35.14,45.97,40.64,-5.5,10.78,9.64,149,161,35.72,Atalanta,29,17,7,5,68,36,58,61.3,58.25,29.55,26.39,31.86,8.8,12.39,331,119,59.02
12/04/2021,Benevento,Sassuolo,0-1,3.5,3.6,2.05,1.66,2.2,Benevento,29,7,9,13,30,54,30,29.11,25.92,53.28,50.99,-25.08,13.6,7.27,143,217,25.24,Sassuolo,29,10,10,9,48,48,40,44.38,38.29,45.52,42.47,-4.18,8.77,14.62,250,218,39.01
17/04/2021,Crotone,Udinese,1-2,4.0,3.7,1.85,1.8,2.0,Crotone,30,4,3,23,37,77,15,29.46,24.13,64.91,61.1,-36.98,11.46,8.39,125,228,20.19,Udinese,30,8,9,13,32,40,33,42.74,40.46,37.28,31.95,8.51,13.52,8.71,166,201,46.1
17/04/2021,Sampdoria,Verona,3-1,2.6,3.3,2.75,1.9,1.9,Sampdoria,30,10,6,14,39,45,36,34.37,31.32,47.54,42.12,-10.8,11.2,8.91,146,216,31.83,Verona,30,10,9,11,35,35,39,36.7,34.42,42.21,38.4,-3.98,8.44,8.8,180,209,37.95
17/04/2021,Sassuolo,Fiorentina,3-1,2.55,3.2,2.87,1.72,2.1,Sassuolo,30,11,10,9,49,48,43,45.66,39.57,45.91,42.86,-3.29,8.61,14.9,257,223,41.13,Fiorentina,30,7,9,14,38,49,30,38.71,36.43,49.05,42.96,-6.53,10.94,9.57,154,176,36.08
17/04/2021,Cagliari,Parma Calcio 1913,4-3,2.2,3.6,3.1,1.9,1.9,Cagliari,30,5,7,18,31,51,22,33.82,30.78,54.13,50.32,-19.54,12.91,8.71,172,270,29.65,Parma Calcio 1913,30,3,11,16,29,59,20,34.17,30.36,49.4,48.64,-18.28,11.29,10.44,138,215,32.38
18/04/2021,AC Milan,Genoa,2-1,1.45,4.75,6.5,1.72,2.1,AC Milan,30,19,6,5,57,35,63,58.44,45.98,39.36,35.54,10.44,9.51,11.63,239,189,53.79,Genoa,30,7,11,12,32,44,32,28.77,28.01,47.91,44.11,-16.1,12.97,9.36,112,239,29.37
18/04/2021,Atalanta,Juventus,1-0,2.4,3.6,2.8,1.53,2.5,Atalanta,30,18,7,5,71,38,61,64.38,60.57,30.84,27.68,32.89,8.76,12.52,346,124,61.54,Juventus,30,18,8,4,61,27,62,67.02,61.69,28.59,24.78,36.91,8.84,14.9,254,151,64.64
18/04/2021,Bologna,Spezia,4-1,2.0,3.6,3.6,1.66,2.2,Bologna,30,9,7,14,39,46,34,43.3,41.67,50.97,46.27,-4.59,9.37,9.74,179,230,38.68,Spezia,30,8,8,14,40,55,32,35.59,32.54,52.25,46.06,-13.51,9.97,11.14,154,208,31.65
18/04/2021,Lazio,Benevento,5-3,1.36,5.0,8.0,1.66,2.2,Lazio,29,17,4,8,46,38,55,42.2,37.62,37.61,33.05,4.58,10.08,12.05,211,139,41.84,Benevento,30,7,9,14,30,55,30,29.5,26.31,54.56,52.28,-25.97,13.94,7.19,148,224,25.83
18/04/2021,Torino,Roma,3-1,3.3,3.6,2.1,1.61,2.3,Torino,29,5,12,12,42,52,27,37.67,33.75,47.64,42.31,-8.55,11.13,8.8,117,207,33.59,Roma,30,16,7,7,54,41,55,59.2,53.88,35.7,30.99,22.89,10.53,12.68,253,149,54.86
18/04/2021,Napoli,Inter,1-1,3.0,3.5,2.3,1.9,1.9,Napoli,30,19,2,9,65,34,59,57.66,53.09,34.17,30.36,22.73,12.37,14.36,240,138,56.88,Inter,30,23,5,2,69,27,74,62.11,57.46,31.46,28.27,29.19,11.18,15.72,291,146,61.75
20/04/2021,Verona,Fiorentina,1-2,2.55,3.25,2.8,2.0,1.8,Verona,31,10,9,12,36,38,39,38.02,35.74,44.15,39.58,-3.85,8.54,8.77,187,216,38.84,Fiorentina,31,7,9,15,39,52,30,39.49,37.2,51.32,43.71,-6.51,11.24,9.54,160,183,36.37
21/04/2021,AC Milan,Sassuolo,1-2,1.53,4.33,5.75,1.53,2.5,AC Milan,31,20,6,5,59,36,66,59.66,47.2,40.67,36.85,10.35,9.56,11.79,246,191,55.02,Sassuolo,31,12,10,9,52,49,46,47.93,40.32,46.69,43.64,-3.32,8.6,15.11,264,229,43.68
21/04/2021,Bologna,Torino,1-1,2.4,3.4,2.87,1.8,2.0,Bologna,31,10,7,14,43,47,37,46.43,44.04,51.5,46.8,-2.76,9.48,9.71,182,239,41.55,Torino,30,6,12,12,45,53,30,41.04,37.12,49.14,43.81,-6.69,11.06,8.83,126,213,36.05
21/04/2021,Crotone,Sampdoria,0-1,3.6,3.75,1.95,1.61,2.3,Crotone,31,4,3,24,38,79,15,31.02,24.93,65.74,61.93,-37.0,11.36,8.47,129,237,22.24,Sampdoria,31,11,6,14,42,46,39,36.31,32.5,48.86,43.44,-10.94,11.11,9.02,153,223,33.7
21/04/2021,Genoa,Benevento,2-2,2.2,3.1,3.6,1.9,1.9,Genoa,31,7,11,13,33,46,32,30.08,29.32,49.13,45.32,-16.0,13.09,9.4,114,246,30.85,Benevento,31,7,9,15,33,60,30,30.9,26.95,58.2,54.3,-27.35,13.95,7.29,152,233,26.01
21/04/2021,Juventus,Parma Calcio 1913,3-1,1.25,6.0,11.0,1.5,2.62,Juventus,31,18,8,5,61,28,62,67.81,62.48,29.57,25.76,36.72,8.84,14.58,266,158,65.77,Parma Calcio 1913,31,3,11,17,32,63,20,35.79,31.98,51.77,51.0,-19.02,11.34,10.4,143,224,33.24
21/04/2021,Spezia,Inter,1-1,8.0,5.0,1.36,1.57,2.37,Spezia,31,8,8,15,41,59,32,36.12,33.08,55.38,48.42,-15.35,9.93,11.2,163,211,31.73,Inter,31,23,6,2,70,28,75,63.13,58.47,32.04,28.85,29.62,11.36,15.76,295,150,63.56
21/04/2021,Udinese,Cagliari,0-1,2.45,3.3,2.9,2.0,1.8,Udinese,31,9,9,13,34,41,36,43.57,41.29,38.85,32.76,8.53,13.39,8.71,175,205,46.79,Cagliari,31,6,7,18,35,54,25,36.19,33.14,55.74,51.94,-18.8,12.82,8.83,181,275,31.56
22/04/2021,Roma,Atalanta,1-1,3.6,3.8,1.95,1.57,2.37,Roma,31,16,7,8,55,44,55,60.71,55.38,39.07,34.36,21.03,10.52,12.54,259,158,55.26,Atalanta,31,19,7,5,72,38,64,65.36,61.55,31.63,28.48,33.08,8.75,12.37,353,136,63.06
22/04/2021,Napoli,Lazio,5-2,2.0,3.6,3.6,1.72,2.1,Napoli,31,19,3,9,66,35,60,58.25,53.68,35.19,31.38,22.3,12.51,14.48,244,142,57.74,Lazio,30,18,4,8,51,41,58,45.85,39.65,39.01,33.69,5.96,10.12,12.13,220,143,44.58
24/04/2021,Genoa,Spezia,2-0,2.45,2.9,3.25,2.1,1.72,Genoa,32,7,12,13,35,48,33,31.36,30.6,50.17,45.6,-15.0,12.96,9.54,120,250,32.4,Spezia,32,8,9,15,42,60,33,36.15,33.11,58.26,51.31,-18.2,10.35,11.28,163,226,31.76
24/04/2021,Parma Calcio 1913,Crotone,3-4,1.7,4.0,4.6,1.61,2.3,Parma Calcio 1913,32,3,11,18,33,66,20,37.1,33.29,54.26,53.5,-20.21,11.39,10.45,145,229,33.87,Crotone,32,4,3,25,38,80,15,31.71,25.62,67.78,63.97,-38.35,11.64,8.64,136,248,22.62
24/04/2021,Sassuolo,Sampdoria,1-0,1.95,3.75,3.6,1.57,2.37,Sassuolo,32,13,10,9,54,50,49,50.07,42.46,47.8,44.75,-2.29,8.71,14.71,274,238,45.79,Sampdoria,32,12,6,14,43,46,42,38.35,34.54,49.54,44.13,-9.59,11.26,9.35,164,230,36.15
25/04/2021,Benevento,Udinese,2-4,3.1,3.4,2.3,1.9,1.9,Benevento,32,7,10,15,35,62,31,31.94,27.23,59.48,55.58,-28.35,13.97,7.33,156,239,27.12,Udinese,32,9,9,14,34,42,36,44.33,42.05,40.23,33.38,8.67,13.36,8.8,186,211,47.56
25/04/2021,Fiorentina,Juventus,1-1,5.75,4.0,1.55,1.66,2.2,Fiorentina,32,8,9,15,41,53,33,40.63,37.59,53.28,45.67,-8.08,11.32,9.5,166,190,37.05,Juventus,32,19,8,5,64,29,65,70.31,64.98,30.88,27.07,37.91,8.93,14.51,271,160,67.94
25/04/2021,Inter,Verona,1-0,1.28,5.25,11.0,1.66,2.2,Inter,32,23,7,2,71,29,76,66.01,61.36,32.07,28.89,32.47,11.44,16.23,310,150,66.52,Verona,32,10,9,13,37,40,39,39.98,37.69,45.3,39.97,-2.27,8.53,8.93,194,222,40.9
25/04/2021,Cagliari,Roma,3-2,2.45,3.8,2.55,1.61,2.3,Cagliari,32,7,7,18,36,54,28,37.57,33.76,56.51,52.7,-18.94,12.76,8.91,187,286,33.48,Roma,32,16,8,8,56,45,56,61.82,56.49,41.46,36.75,19.75,10.4,12.66,264,178,55.85
25/04/2021,Atalanta,Bologna,5-0,1.3,5.5,8.5,1.44,2.75,Atalanta,32,19,8,5,73,39,65,67.75,63.94,32.75,29.59,34.35,8.92,12.14,373,141,65.28,Bologna,32,10,8,14,44,48,38,46.75,44.37,53.36,48.66,-4.29,9.34,9.59,184,247,41.84
26/04/2021,Torino,Napoli,0-2,4.75,3.75,1.72,1.72,2.1,Torino,31,6,13,12,46,54,31,42.9,38.98,49.47,44.14,-5.16,10.86,8.73,134,215,38.6,Napoli,32,20,3,9,71,37,63,59.84,54.51,36.63,32.82,21.69,12.79,14.2,247,154,59.25
26/04/2021,Lazio,AC Milan,3-0,2.15,3.8,3.0,1.66,2.2,Lazio,31,18,4,9,53,46,58,47.29,41.09,40.61,34.52,6.57,10.05,12.41,232,146,45.79,AC Milan,32,20,6,6,60,38,66,60.77,48.31,42.81,38.99,9.32,9.46,11.79,255,201,55.72
01/05/2021,Verona,Spezia,1-1,2.05,3.6,3.4,1.9,1.9,Verona,33,10,9,14,37,41,39,41.04,38.75,46.16,40.83,-2.07,8.75,9.17,200,229,42.4,Spezia,33,8,9,16,42,62,33,37.09,34.04,60.72,53.77,-19.73,10.33,11.26,171,230,32.09
01/05/2021,Crotone,Inter,0-2,11.0,6.5,1.22,1.36,3.2,Crotone,33,5,3,25,42,83,18,34.43,27.58,69.91,66.1,-38.52,11.83,8.6,138,253,24.42,Inter,33,24,7,2,72,29,79,66.87,62.22,33.14,29.95,32.27,11.64,16.33,317,156,67.69
01/05/2021,AC Milan,Benevento,2-0,1.33,5.25,9.0,1.57,2.37,AC Milan,33,20,6,7,60,41,66,62.6,50.14,45.09,41.27,8.87,9.48,11.89,265,208,56.73,Benevento,33,7,10,16,37,66,31,34.46,28.99,60.83,56.93,-27.94,13.78,7.49,170,248,29.33
02/05/2021,Lazio,Genoa,4-3,1.36,5.0,8.5,1.66,2.2,Lazio,32,19,4,9,56,46,61,49.57,43.37,42.44,36.35,7.02,10.19,12.35,239,156,47.52,Genoa,33,8,12,13,37,48,36,33.83,33.07,51.1,46.53,-13.47,12.88,9.53,124,258,34.9
02/05/2021,Bologna,Fiorentina,3-3,3.0,3.4,2.3,1.8,2.0,Bologna,33,10,8,15,44,53,38,47.66,45.27,57.82,52.36,-7.08,9.42,9.54,185,263,41.9,Fiorentina,33,8,10,15,42,54,34,41.84,38.04,54.44,46.82,-8.79,11.47,9.26,168,193,38.44
02/05/2021,Napoli,Cagliari,1-1,1.36,5.0,8.5,1.57,2.37,Napoli,33,21,3,9,73,37,66,62.89,57.56,37.68,33.87,23.69,12.77,14.14,257,157,61.77,Cagliari,33,8,7,18,39,56,31,38.83,35.02,58.09,54.29,-19.26,12.92,8.84,191,289,34.55
02/05/2021,Sassuolo,Atalanta,1-1,6.0,5.0,1.45,1.4,3.0,Sassuolo,33,14,10,9,55,50,52,51.73,44.12,48.78,45.74,-1.62,8.72,14.99,285,248,47.71,Atalanta,33,20,8,5,78,39,68,72.21,67.64,33.65,30.49,37.15,8.9,12.17,389,142,68.2
02/05/2021,Udinese,Juventus,1-2,6.5,4.75,1.45,1.66,2.2,Udinese,33,10,9,14,38,44,39,45.68,43.4,42.75,35.13,8.27,13.45,8.78,195,225,48.16,Juventus,33,19,9,5,65,30,66,71.47,66.14,32.09,27.52,38.62,8.71,14.57,274,162,69.2
02/05/2021,Sampdoria,Roma,2-0,2.87,3.5,2.37,1.57,2.37,Sampdoria,33,12,6,15,43,47,42,39.33,35.53,51.21,45.79,-10.27,11.57,9.35,174,241,36.95,Roma,33,16,8,9,58,48,56,63.41,58.08,42.73,38.01,20.07,10.3,12.81,267,182,57.48
03/05/2021,Torino,Parma Calcio 1913,1-0,1.57,4.33,5.25,1.53,2.5,Torino,32,6,13,13,46,56,31,43.95,40.03,52.52,47.19,-7.16,10.9,8.81,137,225,38.95,Parma Calcio 1913,33,3,11,19,36,70,20,39.23,35.43,56.98,55.46,-20.03,11.25,10.64,150,231,34.83
08/05/2021,Spezia,Napoli,1-4,6.0,4.5,1.5,1.53,2.5,Spezia,34,8,10,16,43,63,34,38.26,35.22,62.76,55.81,-20.6,10.28,11.05,177,232,32.8,Napoli,34,21,4,9,74,38,67,65.8,60.47,39.56,35.75,24.71,12.69,14.21,272,163,63.8
08/05/2021,Udinese,Bologna,1-1,2.37,3.2,3.1,1.72,2.1,Udinese,34,10,9,15,39,46,39,46.06,43.77,45.54,37.17,6.61,13.59,8.67,200,230,48.25,Bologna,34,10,9,15,47,56,39,49.59,47.21,59.83,53.61,-6.4,9.27,9.73,194,269,43.17
08/05/2021,Inter,Sampdoria,5-1,1.44,4.75,6.5,1.57,2.37,Inter,34,25,7,2,74,29,82,69.21,64.56,33.9,30.71,33.85,11.64,16.47,331,160,70.15,Sampdoria,34,13,6,15,45,47,45,40.71,36.9,52.84,46.67,-9.77,11.48,9.44,182,251,38.05
08/05/2021,Fiorentina,Lazio,2-0,4.0,3.9,1.83,1.66,2.2,Fiorentina,34,8,11,15,45,57,35,43.85,39.29,56.38,48.76,-9.48,11.63,9.13,174,202,39.91,Lazio,33,20,4,9,60,49,64,52.47,45.51,43.56,36.71,8.8,10.27,12.4,259,165,50.06
09/05/2021,Genoa,Sassuolo,1-2,3.4,3.5,2.1,1.72,2.1,Genoa,34,8,12,14,40,52,36,34.95,33.43,54.01,48.68,-15.25,12.91,9.62,133,278,35.22,Sassuolo,34,14,11,9,56,51,53,53.0,44.62,50.73,46.93,-2.3,8.73,14.9,289,256,48.47
09/05/2021,Benevento,Cagliari,1-3,3.2,3.5,2.2,1.8,2.0,Benevento,34,7,10,17,37,68,31,35.21,29.73,64.28,60.38,-30.65,13.91,7.62,176,268,29.47,Cagliari,34,8,8,18,40,57,32,40.71,36.91,61.0,57.19,-20.29,13.02,8.89,197,304,35.33
09/05/2021,Parma Calcio 1913,Atalanta,2-5,13.0,7.0,1.2,1.3,3.5,Parma Calcio 1913,34,3,11,20,36,71,20,39.63,35.83,58.34,56.81,-20.98,11.11,10.65,152,238,35.34,Atalanta,34,20,9,5,79,40,69,74.15,68.83,34.91,30.99,37.83,9.01,12.09,397,146,70.17
09/05/2021,Verona,Torino,1-1,3.0,3.3,2.35,1.8,2.0,Verona,34,10,10,14,38,42,40,43.08,40.8,47.33,42.0,-1.21,8.65,9.15,202,235,44.47,Torino,33,7,13,13,47,56,34,45.3,41.38,52.92,47.6,-6.21,10.91,8.75,144,227,41.2
09/05/2021,Roma,Crotone,5-0,1.36,5.25,7.5,1.36,3.2,Roma,34,16,8,10,58,50,56,65.05,58.96,44.1,39.38,19.57,10.36,12.68,277,190,59.09,Crotone,34,5,3,26,42,85,18,35.19,28.34,72.25,68.45,-40.1,12.04,8.66,142,267,24.8
09/05/2021,Juventus,AC Milan,0-3,1.72,3.9,4.5,1.66,2.2,Juventus,34,20,9,5,67,31,69,74.26,68.17,32.46,27.89,40.28,8.6,14.68,279,167,72.07,AC Milan,34,21,6,7,62,41,69,66.04,53.59,45.83,42.02,11.57,9.58,12.05,285,214,59.53
11/05/2021,Napoli,Udinese,5-1,1.28,5.25,11.0,1.57,2.37,Napoli,35,22,4,9,78,39,70,68.12,62.79,40.83,37.03,25.76,12.77,14.16,278,166,65.98,Udinese,35,10,10,15,40,47,40,46.54,44.26,48.07,38.93,5.33,13.67,8.7,209,236,48.39
12/05/2021,Cagliari,Fiorentina,0-0,2.45,3.1,3.1,1.9,1.9,Cagliari,35,9,8,18,43,58,35,42.66,38.86,62.12,58.31,-19.46,12.97,8.82,200,312,37.38,Fiorentina,35,9,11,15,47,57,38,45.28,40.71,57.36,49.74,-9.03,11.79,9.04,178,213,41.69
12/05/2021,Atalanta,Benevento,2-0,1.14,8.0,15.0,1.3,3.5,Atalanta,35,21,9,5,84,42,72,77.32,71.99,35.97,32.05,39.94,9.13,12.16,414,149,72.83,Benevento,35,7,10,18,38,71,31,36.32,30.85,66.23,62.32,-31.48,13.69,7.67,184,271,30.17
12/05/2021,Bologna,Genoa,0-2,2.4,3.25,3.0,1.72,2.1,Bologna,35,10,10,15,48,57,40,52.12,48.98,60.32,54.1,-5.12,9.3,9.86,200,278,45.95,Genoa,35,8,12,15,41,54,36,35.7,34.18,55.92,50.6,-16.42,13.01,9.57,136,282,35.75
12/05/2021,Inter,Roma,3-1,1.65,4.0,4.75,1.53,2.5,Inter,35,26,7,2,79,30,85,71.17,65.76,35.31,32.12,33.64,11.68,16.56,336,170,71.96,Roma,35,17,8,10,63,50,59,67.39,61.3,44.38,39.67,21.63,10.36,12.72,285,194,61.81
12/05/2021,Lazio,Parma Calcio 1913,1-0,1.2,6.5,13.0,1.36,3.2,Lazio,34,20,4,10,60,51,64,53.46,46.49,44.99,38.13,8.36,10.15,12.55,270,169,50.94,Parma Calcio 1913,35,3,11,21,38,76,20,40.69,36.88,61.5,59.98,-23.09,11.19,10.77,155,255,35.57
12/05/2021,Sampdoria,Spezia,2-2,2.45,3.6,2.62,1.72,2.1,Sampdoria,35,13,6,16,46,52,45,42.12,38.31,54.8,47.87,-9.56,11.66,9.53,192,256,38.99,Spezia,35,8,10,17,44,67,34,39.53,36.49,65.09,58.13,-21.65,10.35,11.15,180,238,33.39
12/05/2021,Sassuolo,Juventus,1-3,4.75,4.2,1.65,1.53,2.5,Sassuolo,35,15,11,9,58,52,56,54.92,46.54,51.48,47.68,-1.13,8.7,14.95,293,259,50.74,Juventus,35,20,9,6,67,34,69,75.36,69.27,33.69,28.36,40.91,8.58,14.83,290,170,73.25
12/05/2021,Torino,AC Milan,0-7,3.8,3.8,1.85,1.66,2.2,Torino,34,7,14,13,48,57,35,46.16,42.24,54.69,49.36,-7.11,10.86,8.68,147,233,41.93,AC Milan,35,22,6,7,65,41,72,67.27,54.06,46.94,43.12,10.93,9.82,11.89,288,225,61.04
13/05/2021,Crotone,Verona,2-1,3.6,3.75,1.9,1.66,2.2,Crotone,35,5,3,27,42,90,18,35.48,28.63,74.59,70.79,-42.16,12.1,8.7,146,275,24.98,Verona,35,10,11,14,39,43,41,44.84,42.56,48.19,42.86,-0.3,8.58,9.16,208,238,46.5
15/05/2021,Genoa,Atalanta,3-4,13.0,6.75,1.2,1.36,3.2,Genoa,36,9,12,15,43,54,39,37.35,35.07,58.23,52.9,-17.83,13.11,9.49,137,292,36.66,Atalanta,36,22,9,5,86,42,75,79.11,73.78,36.15,32.23,41.55,9.05,12.3,432,155,75.46
15/05/2021,Spezia,Torino,4-1,3.3,2.9,2.45,1.8,2.0,Spezia,36,8,11,17,46,69,35,42.29,39.25,66.92,59.97,-20.72,10.49,11.1,188,246,35.4,Torino,35,7,14,14,48,64,35,47.02,43.11,58.99,52.9,-9.8,10.83,8.67,151,241,41.99
15/05/2021,Juventus,Inter,3-2,2.2,3.6,3.1,1.66,2.2,Juventus,36,21,9,6,70,35,72,76.73,70.64,35.93,29.84,40.81,8.82,14.62,290,183,74.05,Inter,36,27,7,2,82,31,88,73.47,68.06,36.27,33.08,34.98,11.97,16.8,347,181,74.25
15/05/2021,Roma,Lazio,2-0,3.0,3.6,2.25,1.53,2.5,Roma,36,17,8,11,64,53,59,68.35,62.26,46.69,41.97,20.29,10.62,13.0,296,205,62.34,Lazio,35,21,4,10,61,51,67,54.81,47.85,45.56,38.7,9.15,10.2,12.6,284,172,52.97
16/05/2021,Fiorentina,Napoli,0-2,5.75,4.5,1.5,1.57,2.37,Fiorentina,36,9,12,15,47,57,39,45.39,40.82,57.7,50.09,-9.27,11.97,9.07,179,218,42.57,Napoli,36,23,4,9,83,40,73,71.5,66.17,41.02,37.21,28.96,12.7,14.27,286,168,68.94
16/05/2021,Benevento,Crotone,1-1,1.45,4.75,6.0,1.5,2.62,Benevento,36,7,10,19,38,73,31,36.51,31.03,68.02,64.11,-33.08,13.81,7.62,190,289,30.39,Crotone,36,6,3,27,44,91,21,36.12,29.27,75.22,71.41,-42.14,12.2,8.72,151,283,26.31
16/05/2021,Udinese,Sampdoria,0-1,2.4,3.4,2.9,1.9,1.9,Udinese,36,10,10,16,41,52,40,46.73,44.45,51.45,42.31,2.13,13.79,8.77,211,244,48.41,Sampdoria,36,13,7,16,48,54,46,43.95,40.15,57.56,50.63,-10.48,11.6,9.71,200,264,39.78
16/05/2021,Parma Calcio 1913,Sassuolo,1-3,5.25,4.75,1.53,1.5,2.62,Parma Calcio 1913,36,3,11,22,38,77,20,41.26,37.45,62.86,61.33,-23.88,11.26,10.8,158,269,36.26,Sassuolo,36,15,11,10,59,55,56,57.15,48.02,52.85,49.04,-1.03,8.68,15.07,306,259,52.72
16/05/2021,AC Milan,Cagliari,0-0,1.4,4.75,7.5,1.57,2.37,AC Milan,36,23,6,7,72,41,75,71.58,57.6,47.8,43.98,13.62,9.76,11.82,296,229,63.95,Cagliari,36,9,9,18,43,58,36,43.01,39.2,62.22,58.42,-19.22,12.91,9.03,205,313,38.85
17/05/2021,Verona,Bologna,2-2,2.45,3.3,2.9,1.72,2.1,Verona,36,10,11,15,40,45,41,45.46,43.18,48.84,43.51,-0.33,8.6,9.31,216,243,47.77,Bologna,36,10,10,16,48,59,40,54.43,51.29,61.97,54.99,-3.7,9.22,10.0,210,279,47.81
18/05/2021,Lazio,Torino,0-0,2.05,3.25,3.8,1.66,2.2,Lazio,36,21,4,11,61,53,67,55.58,48.62,46.59,39.74,8.88,10.33,12.73,287,178,54.06,Torino,36,7,14,15,49,68,35,47.97,43.28,61.72,54.87,-11.59,10.69,8.63,156,244,42.23
22/05/2021,Cagliari,Genoa,0-1,2.0,3.6,3.6,1.57,2.37,Cagliari,37,9,10,18,43,58,37,43.43,39.63,63.63,59.82,-20.19,13.03,9.06,206,324,39.37,Genoa,37,9,12,16,46,58,39,39.08,36.03,60.52,55.19,-19.15,13.32,9.62,141,308,37.6
22/05/2021,Crotone,Fiorentina,0-0,3.5,4.33,1.85,1.4,3.0,Crotone,37,6,4,27,45,92,22,37.23,30.38,77.01,73.21,-42.83,12.27,8.76,157,295,27.18,Fiorentina,37,9,12,16,47,59,39,45.73,41.16,59.61,51.1,-9.94,12.13,9.04,180,221,42.79
22/05/2021,Sampdoria,Parma Calcio 1913,3-0,1.75,4.2,4.0,1.36,3.2,Sampdoria,37,14,7,16,49,54,49,45.35,40.78,57.91,50.97,-10.19,11.69,9.85,210,269,42.17,Parma Calcio 1913,37,3,11,23,39,80,20,42.26,38.45,65.34,63.06,-24.6,11.5,10.76,166,286,36.68
23/05/2021,Inter,Udinese,5-1,1.36,5.5,7.5,1.33,3.4,Inter,37,27,7,3,84,34,88,74.82,68.64,39.43,34.58,34.07,11.94,16.87,355,183,74.5,Udinese,37,10,10,17,41,53,40,47.08,44.79,52.85,42.95,1.84,13.85,8.92,216,254,48.81
23/05/2021,Atalanta,AC Milan,0-2,2.37,4.2,2.5,1.36,3.2,Atalanta,37,23,9,5,90,45,78,81.39,76.07,37.87,33.19,42.87,9.17,12.54,448,159,77.28,AC Milan,37,23,7,7,72,41,76,72.98,59.0,48.23,44.41,14.6,9.77,11.96,307,230,66.18
23/05/2021,Bologna,Juventus,1-4,10.5,7.0,1.22,1.3,3.5,Bologna,37,10,11,16,50,61,41,56.47,53.33,63.96,56.98,-3.65,9.27,9.94,214,286,49.21,Juventus,37,22,9,6,73,37,75,79.9,72.14,37.27,30.42,41.72,9.01,14.53,292,191,76.68
23/05/2021,Napoli,Verona,1-1,1.18,7.5,13.0,1.3,3.5,Napoli,37,24,4,9,85,40,76,73.41,67.19,41.36,37.56,29.63,12.58,14.4,289,169,71.59,Verona,37,10,12,15,42,47,42,47.45,45.17,50.88,45.55,-0.38,8.58,9.36,223,247,49.1
23/05/2021,Sassuolo,Lazio,2-0,1.9,4.33,3.25,1.36,3.2,Sassuolo,37,16,11,10,62,56,59,59.64,49.74,53.85,50.04,-0.3,8.69,15.24,323,267,55.14,Lazio,37,21,5,11,61,53,68,57.72,49.98,46.87,40.02,9.96,10.27,12.8,301,180,56.78
23/05/2021,Spezia,Roma,2-2,5.0,4.6,1.57,1.36,3.2,Spezia,37,9,11,17,50,70,38,45.02,41.22,67.86,60.15,-18.93,10.39,10.95,191,251,38.02,Roma,37,18,8,11,66,53,62,69.39,63.3,47.46,42.74,20.56,10.77,13.08,302,208,63.92
23/05/2021,Torino,Benevento,1-1,1.75,4.33,3.9,1.53,2.5,Torino,37,7,15,15,49,68,36,48.25,43.57,63.87,56.24,-12.68,10.81,8.6,158,258,42.4,Benevento,37,7,11,19,39,74,32,38.3,32.83,69.12,65.22,-32.39,13.7,7.76,202,295,32.26
