Div,Date,Time,HomeTeam,AwayTeam,FTHG,FTAG,FTR,HTHG,HTAG,HTR,Referee,HS,AS,HST,AST,HF,AF,HC,AC,HY,AY,HR,AR,B365H,B365D,B365A,BWH,BWD,BWA,IWH,IWD,IWA,PSH,PSD,PSA,WHH,WHD,WHA,VCH,VCD,VCA,MaxH,MaxD,MaxA,AvgH,AvgD,AvgA,B365>2.5,B365<2.5,P>2.5,P<2.5,Max>2.5,Max<2.5,Avg>2.5,Avg<2.5,AHh,B365AHH,B365AHA,PAHH,PAHA,MaxAHH,MaxAHA,AvgAHH,AvgAHA,B365CH,B365CD,B365CA,BWCH,BWCD,BWCA,IWCH,IWCD,IWCA,PSCH,PSCD,PSCA,WHCH,WHCD,WHCA,VCCH,VCCD,VCCA,MaxCH,MaxCD,MaxCA,AvgCH,AvgCD,AvgCA,B365C>2.5,B365C<2.5,PC>2.5,PC<2.5,MaxC>2.5,MaxC<2.5,AvgC>2.5,AvgC<2.5,AHCh,B365CAHH,B365CAHA,PCAHH,PCAHA,MaxCAHH,MaxCAHA,AvgCAHH,AvgCAHA
E0,11/08/2023,20:00,Burnley,Manchester City,0,3,A,0,2,A,C Pawson,6,17,1,8,11,8,6,5,0,0,1,0,8.0,5.5,1.33,8.75,5.25,1.34,8.0,5.5,1.35,8.58,5.51,1.37,8.0,5.0,1.25,9.5,5.25,1.33,9.5,5.68,1.39,9.02,5.35,1.35,1.67,2.2,1.68,2.29,1.71,2.4,1.65,2.27,1.5,1.86,2.07,1.86,2.07,1.93,2.09,1.85,2.03,9.0,5.25,1.33,8.75,5.25,1.33,8.5,5.25,1.35,9.62,5.81,1.33,7.5,4.6,1.29,10.5,5.25,1.3,10.5,5.81,1.36,9.27,5.45,1.33,1.67,2.2,1.65,2.35,1.73,2.45,1.64,2.28,1.5,1.95,1.98,1.95,1.97,,,1.92,1.95
E0,12/08/2023,12:30,Arsenal,Nottingham Forest,2,1,H,2,0,H,M Oliver,15,6,7,2,12,12,8,3,2,2,0,0,1.18,7.0,15.0,1.17,7.5,15.5,1.2,7.25,14.0,1.18,7.86,15.67,1.12,6.5,12.0,1.14,7.5,17.0,1.21,8.5,17.5,1.18,7.64,15.67,1.44,2.75,1.42,2.93,1.45,2.98,1.42,2.85,-2.0,1.88,2.02,1.88,2.01,1.91,2.06,1.87,1.99,1.18,7.0,15.0,1.18,7.0,14.5,1.2,7.0,14.0,1.19,8.0,16.0,1.12,6.5,12.0,1.22,7.0,13.0,1.22,8.4,19.0,1.19,7.43,15.98,1.5,2.63,1.49,2.65,1.52,2.79,1.49,2.63,-2.0,1.95,1.98,1.93,1.97,2.01,2.09,1.95,1.92
E0,12/08/2023,15:00,Bournemouth,West Ham,1,1,D,0,0,D,P Bankes,14,16,5,3,9,14,10,4,1,4,0,0,2.7,3.4,2.55,2.65,3.4,2.55,2.7,3.45,2.6,2.7,3.47,2.71,2.62,3.2,2.3,2.63,3.3,2.63,2.8,3.62,2.75,2.69,3.44,2.64,1.9,2.0,1.9,1.99,1.95,2.03,1.88,1.94,0.0,1.95,1.95,1.95,1.95,1.98,1.99,1.94,1.92,2.63,3.5,2.6,2.65,3.5,2.5,2.6,3.5,2.6,2.75,3.6,2.63,2.5,3.2,2.45,2.63,3.5,2.6,2.88,3.67,2.7,2.7,3.53,2.59,1.73,2.1,1.76,2.18,1.83,2.23,1.74,2.12,0.0,2.02,1.91,2.01,1.92,2.06,1.96,1.96,1.91
E0,12/08/2023,15:00,Brighton,Luton,4,1,H,1,0,H,D Coote,27,9,12,3,11,12,6,7,2,2,0,0,1.33,5.5,9.0,1.32,5.5,9.0,1.35,5.25,8.5,1.33,5.65,9.61,1.25,4.6,8.5,1.29,5.25,10.0,1.36,6.0,10.5,1.33,5.52,9.61,1.62,2.3,1.62,2.4,1.65,2.45,1.61,2.34,-1.5,1.95,1.95,1.95,1.95,1.98,2.0,1.93,1.93,1.25,6.5,11.0,1.26,6.0,11.0,1.3,5.5,9.5,1.27,6.36,11.36,1.22,5.5,9.0,1.25,5.75,13.0,1.34,6.59,13.0,1.28,5.99,10.91,1.53,2.5,1.56,2.54,1.62,2.66,1.55,2.48,-1.75,2.01,1.92,2.0,1.91,2.14,1.93,2.0,1.86
E0,12/08/2023,15:00,Everton,Fulham,0,1,A,0,0,D,S Attwell,19,9,9,2,12,6,10,4,0,2,0,0,2.2,3.4,3.3,2.2,3.4,3.25,2.25,3.4,3.25,2.27,3.45,3.35,2.1,3.2,3.0,2.2,3.3,3.25,2.3,3.57,3.45,2.24,3.43,3.3,2.01,1.89,2.0,1.89,2.04,1.92,1.97,1.86,-0.25,1.93,1.97,1.95,1.95,1.97,2.0,1.92,1.93,2.3,3.2,3.2,2.35,3.2,3.1,2.35,3.25,3.15,2.39,3.32,3.3,2.1,3.2,3.0,2.38,3.2,3.2,2.42,3.42,3.56,2.32,3.28,3.27,2.1,1.73,2.23,1.72,2.26,1.81,2.17,1.71,-0.25,2.06,1.87,2.04,1.88,2.08,1.99,1.98,1.88
E0,12/08/2023,15:00,Sheffield United,Crystal Palace,0,1,A,0,0,D,J Brooks,8,24,1,8,18,11,5,5,3,0,0,0,3.0,3.3,2.38,3.0,3.25,2.4,3.0,3.25,2.4,3.28,3.22,2.43,2.75,3.1,2.3,3.1,3.1,2.38,3.31,3.42,2.48,3.12,3.24,2.41,2.2,1.67,2.26,1.69,2.28,1.74,2.21,1.68,0.25,1.84,2.06,1.85,2.06,1.86,2.11,1.81,2.05,3.6,3.2,2.15,3.75,3.1,2.15,3.7,3.15,2.15,3.98,3.22,2.17,3.5,2.88,2.05,3.9,3.1,2.1,4.0,3.28,2.23,3.81,3.16,2.16,2.5,1.53,2.59,1.56,2.65,1.57,2.54,1.53,0.25,2.1,1.83,2.1,1.84,2.12,1.86,2.05,1.83
E0,12/08/2023,17:30,Newcastle United,Aston Villa,5,1,H,2,1,H,A Madley,17,16,13,6,12,17,6,5,4,4,0,0,1.75,3.75,4.6,1.73,3.9,4.4,1.75,3.85,4.5,1.77,3.92,4.77,1.67,3.5,4.2,1.73,3.7,4.6,1.8,4.1,4.9,1.76,3.88,4.61,1.73,2.1,1.79,2.11,1.82,2.15,1.76,2.09,-0.75,2.01,1.89,1.99,1.92,2.02,1.94,1.97,1.89,1.62,4.0,5.25,1.65,4.0,5.0,1.63,4.1,5.25,1.68,4.2,5.29,1.55,3.8,4.6,1.6,4.1,5.5,1.71,4.3,5.64,1.65,4.14,5.17,1.67,2.2,1.72,2.23,1.73,2.34,1.68,2.22,-0.75,1.84,2.09,1.85,2.09,1.87,2.13,1.82,2.06
E0,13/08/2023,14:00,Brentford,Tottenham,2,2,D,2,2,D,R Jones,11,18,6,6,12,13,3,6,1,4,0,0,2.75,3.4,2.45,2.7,3.6,2.45,2.85,3.6,2.35,2.76,3.65,2.55,2.5,3.4,2.3,2.7,3.5,2.45,2.85,3.83,2.6,2.73,3.63,2.5,1.73,2.1,1.71,2.23,1.76,2.25,1.7,2.18,0.0,2.03,1.87,2.03,1.88,2.05,1.92,2.01,1.86,2.5,3.6,2.63,2.5,3.4,2.7,2.55,3.5,2.7,2.62,3.54,2.8,2.4,3.25,2.5,2.55,3.5,2.7,2.81,3.7,2.8,2.6,3.52,2.7,1.73,2.1,1.77,2.16,1.78,2.29,1.72,2.15,0.0,1.88,2.02,1.89,2.03,1.95,2.05,1.89,1.98
E0,13/08/2023,16:30,Chelsea,Liverpool,1,1,D,1,1,D,A Taylor,10,13,4,1,5,12,4,4,3,3,0,0,2.9,3.4,2.38,2.8,3.6,2.35,2.75,3.65,2.4,2.97,3.64,2.4,2.75,3.25,2.2,2.88,3.5,2.3,3.05,3.82,2.48,2.87,3.64,2.39,1.67,2.2,1.68,2.28,1.73,2.36,1.67,2.24,0.25,1.81,2.09,1.83,2.08,1.89,2.12,1.81,2.04,3.1,3.6,2.15,3.0,3.75,2.2,2.95,3.5,2.35,3.21,3.89,2.2,2.8,3.4,2.1,3.0,3.75,2.2,3.45,3.94,2.4,3.04,3.75,2.26,1.53,2.5,1.53,2.66,1.58,2.66,1.54,2.52,0.25,1.98,1.92,2.0,1.93,2.03,2.08,1.91,1.96
E0,14/08/2023,20:00,Manchester United,Wolverhampton Wanderers,1,0,H,0,0,D,S Hooper,15,23,3,6,14,10,8,7,2,3,0,0,1.33,5.5,9.0,1.3,5.75,9.5,1.33,5.5,9.0,1.32,5.79,9.66,1.22,4.8,9.0,1.29,5.25,10.5,1.34,6.0,11.0,1.31,5.65,9.85,1.62,2.3,1.6,2.44,1.64,2.47,1.6,2.38,-1.5,1.99,1.91,1.92,1.99,1.99,2.08,1.89,1.97,1.25,6.0,10.0,1.26,6.0,11.0,1.3,5.75,10.0,1.27,6.3,12.25,1.2,5.5,9.5,1.25,6.0,12.0,1.33,8.67,13.0,1.27,6.12,10.96,1.62,2.3,1.63,2.38,1.68,2.47,1.6,2.37,-1.5,1.8,2.0,1.82,2.08,1.88,2.14,1.82,2.05
E0,18/08/2023,19:45,Nottingham Forest,Sheffield United,2,1,H,1,0,H,P Bankes,16,7,4,3,5,9,6,7,2,3,0,0,1.95,3.4,4.0,1.93,3.4,4.1,1.95,3.4,4.1,1.97,3.48,4.37,1.8,3.2,3.9,1.93,3.3,4.33,2.0,3.6,4.5,1.95,3.43,4.25,2.2,1.67,2.28,1.69,2.33,1.73,2.24,1.67,-0.5,1.98,1.95,1.97,1.95,2.01,1.96,1.96,1.91,1.91,3.4,4.2,1.93,3.4,4.1,1.95,3.4,4.2,1.94,3.51,4.48,1.8,3.2,3.9,1.93,3.3,4.4,2.0,3.55,4.78,1.93,3.44,4.33,2.2,1.67,2.27,1.7,2.31,1.75,2.23,1.67,-0.5,1.94,1.99,1.94,1.98,2.01,2.0,1.93,1.94
E0,19/08/2023,15:00,Fulham,Brentford,0,3,A,0,1,A,D Bond,10,17,2,8,13,12,5,5,2,2,1,0,2.7,3.3,2.63,2.65,3.4,2.6,2.7,3.4,2.6,2.76,3.43,2.67,2.5,3.2,2.45,2.63,3.3,2.6,2.8,3.58,2.73,2.72,3.4,2.63,1.96,1.94,1.95,1.93,2.01,1.97,1.93,1.9,0.0,1.98,1.92,1.98,1.93,2.01,1.95,1.96,1.9,2.8,3.2,2.63,2.87,3.1,2.6,2.8,3.15,2.7,2.87,3.22,2.75,2.62,3.0,2.45,2.8,3.2,2.63,2.95,3.35,2.83,2.82,3.19,2.69,2.1,1.73,2.19,1.75,2.21,1.81,2.14,1.73,0.0,2.01,1.92,2.0,1.92,2.02,1.98,1.97,1.9
E0,19/08/2023,15:00,Liverpool,Bournemouth,3,1,H,2,1,H,T Bramall,26,13,10,5,11,13,10,2,1,3,1,0,1.2,7.0,13.0,1.23,6.5,13.0,1.25,6.75,11.0,1.23,7.14,11.46,1.17,6.0,10.0,1.2,6.5,13.0,1.26,7.5,13.0,1.23,6.86,11.82,1.33,3.4,1.34,3.33,1.37,3.4,1.35,3.21,-2.0,2.04,1.86,2.03,1.86,2.07,1.89,2.02,1.85,1.2,7.5,12.0,1.2,7.5,12.0,1.22,7.25,11.0,1.2,8.25,13.0,1.17,6.0,10.0,1.2,7.5,12.0,1.23,8.6,14.5,1.2,7.69,12.7,1.25,4.0,1.33,3.48,1.32,4.0,1.28,3.77,-2.0,1.86,2.07,1.85,2.08,1.91,2.11,1.84,2.03
E0,19/08/2023,15:00,Wolverhampton Wanderers,Brighton,1,4,A,0,1,A,A Madley,16,16,5,8,14,11,5,3,3,6,1,0,4.0,3.8,1.85,3.75,3.75,1.9,3.9,3.8,1.9,4.12,3.92,1.88,3.5,3.4,1.83,4.1,3.6,1.83,4.25,4.0,1.97,4.0,3.81,1.89,1.73,2.1,1.75,2.17,1.8,2.18,1.74,2.12,0.5,2.03,1.87,2.03,1.88,2.05,1.91,1.99,1.87,4.2,4.0,1.8,4.0,4.0,1.8,4.1,4.0,1.8,4.11,4.21,1.83,3.8,3.5,1.73,4.4,4.0,1.75,4.4,4.21,1.88,4.17,4.06,1.81,1.53,2.5,1.55,2.6,1.61,2.6,1.56,2.46,0.75,1.88,2.05,1.87,2.06,1.91,2.08,1.85,2.01
E0,19/08/2023,17:30,Tottenham,Manchester United,2,0,H,0,0,D,M Oliver,17,22,6,6,9,8,5,6,1,3,0,0,2.8,3.6,2.38,2.8,3.6,2.3,2.8,3.65,2.35,2.85,3.82,2.41,2.62,3.5,2.15,2.88,3.6,2.3,2.95,3.96,2.46,2.84,3.75,2.37,1.57,2.38,1.58,2.48,1.64,2.55,1.57,2.44,0.25,1.82,2.08,1.82,2.1,1.85,2.13,1.81,2.05,3.0,3.75,2.2,2.95,3.75,2.2,3.05,3.5,2.3,3.07,3.87,2.28,2.62,3.5,2.15,3.0,3.75,2.2,3.38,3.96,2.33,3.01,3.78,2.25,1.53,2.5,1.54,2.61,1.55,2.65,1.51,2.54,0.25,1.94,1.99,1.93,2.0,2.02,2.0,1.89,1.96
E0,19/08/2023,20:00,Manchester City,Newcastle United,1,0,H,1,0,H,R Jones,14,7,4,1,12,11,3,0,1,5,0,0,1.67,4.0,5.0,1.68,4.0,4.75,1.7,4.0,4.7,1.73,4.1,4.8,1.57,3.7,4.6,1.65,3.9,5.0,1.75,4.3,5.2,1.7,4.07,4.83,1.73,2.1,1.75,2.17,1.76,2.26,1.72,2.15,-0.75,1.92,1.98,1.93,1.97,1.94,2.03,1.88,1.97,1.83,3.75,4.33,1.83,3.6,4.2,1.8,3.75,4.3,1.87,3.84,4.37,1.7,3.4,4.2,1.87,3.7,4.1,1.91,4.05,4.76,1.84,3.78,4.32,1.85,2.05,1.86,2.05,1.89,2.2,1.8,2.04,-0.5,1.87,2.06,1.87,2.06,1.89,2.09,1.85,2.03
E0,20/08/2023,14:00,Aston Villa,Everton,4,0,H,2,0,H,A Taylor,13,9,7,2,8,12,7,6,3,4,0,0,1.7,4.0,4.5,1.66,3.9,5.0,1.7,3.95,4.7,1.72,3.99,5.06,1.6,3.5,4.75,1.67,3.75,5.0,1.76,4.1,5.4,1.7,3.91,5.0,1.92,1.98,1.91,1.98,1.96,2.02,1.89,1.94,-0.75,1.91,1.99,1.93,1.98,1.95,2.01,1.89,1.96,1.8,3.8,4.2,1.82,3.75,4.1,1.83,3.8,4.1,1.85,3.92,4.38,1.75,3.5,3.75,1.8,3.8,4.4,1.91,3.92,4.68,1.84,3.82,4.24,1.73,2.1,1.78,2.14,1.82,2.23,1.76,2.09,-0.75,2.03,1.78,2.09,1.83,2.15,1.87,2.07,1.8
E0,20/08/2023,16:30,West Ham,Chelsea,3,1,H,1,1,D,J Brooks,12,17,6,4,12,9,3,9,2,3,1,0,3.75,3.5,2.0,3.75,3.6,1.95,3.55,3.5,2.05,3.68,3.57,2.1,3.6,3.3,1.85,3.7,3.4,2.0,3.86,3.75,2.12,3.66,3.57,2.04,1.96,1.94,1.95,1.93,1.98,2.0,1.92,1.91,0.5,1.82,2.08,1.83,2.1,1.85,2.11,1.82,2.06,3.1,3.6,2.15,3.2,3.5,2.15,3.2,3.55,2.2,3.25,3.65,2.27,3.1,3.2,2.05,3.5,3.5,2.1,3.6,3.75,2.3,3.27,3.59,2.18,1.73,2.1,1.75,2.19,1.93,2.26,1.77,2.09,0.25,1.96,1.97,1.95,1.97,2.06,1.99,1.97,1.89
E0,21/08/2023,20:00,Crystal Palace,Arsenal,0,1,A,0,0,D,D Coote,14,14,2,3,14,10,1,8,2,1,0,1,5.5,4.0,1.6,5.75,4.1,1.57,5.75,4.1,1.6,5.73,4.12,1.63,5.5,3.9,1.44,6.0,3.9,1.55,6.0,4.33,1.68,5.79,4.06,1.6,1.94,1.96,1.95,1.93,2.0,1.97,1.92,1.9,1.0,1.84,2.06,1.81,2.11,1.88,2.16,1.82,2.05,4.2,3.4,1.91,4.1,3.5,1.88,4.2,3.5,1.9,4.51,3.53,1.93,4.0,3.4,1.73,4.5,3.6,1.83,4.95,3.9,1.98,4.42,3.55,1.89,2.0,1.8,2.12,1.79,2.14,1.93,2.05,1.8,0.5,2.0,1.93,2.0,1.93,2.19,1.96,2.01,1.87
E0,25/08/2023,20:00,Chelsea,Luton,3,0,H,1,0,H,R Jones,19,11,8,1,15,12,6,4,2,3,0,0,1.29,5.5,11.0,1.31,5.5,9.5,1.3,5.75,10.0,1.3,6.08,10.68,1.2,5.5,9.0,1.25,6.0,11.0,1.33,6.5,13.0,1.29,5.86,10.78,1.67,2.2,1.68,2.3,1.71,2.42,1.66,2.27,-1.5,1.95,1.98,1.93,1.99,1.97,2.09,1.89,1.98,1.25,6.0,11.0,,,,1.27,5.75,11.0,1.27,6.25,12.5,1.18,5.5,10.0,1.25,6.0,12.0,1.3,6.6,14.0,1.26,6.12,12.06,1.62,2.3,1.63,2.4,1.67,2.45,1.63,2.33,-1.75,2.05,1.75,2.1,1.81,2.13,1.94,2.01,1.84
E0,26/08/2023,12:30,Bournemouth,Tottenham,0,2,A,0,1,A,T Robinson,11,17,3,6,18,11,6,2,1,3,0,0,3.8,3.75,1.91,3.5,3.9,1.93,3.6,3.9,1.95,3.72,4.04,1.95,3.4,3.5,1.83,3.5,3.75,1.95,3.95,4.1,2.05,3.67,3.94,1.95,1.53,2.5,1.56,2.56,1.59,2.6,1.55,2.47,0.5,1.96,1.94,1.95,1.95,1.99,1.99,1.93,1.94,3.5,3.8,2.0,,,,3.45,3.85,2.0,3.47,3.89,2.09,3.4,3.5,1.83,3.4,3.8,2.05,3.91,4.0,2.1,3.47,3.86,2.03,1.57,2.38,1.56,2.54,1.61,2.63,1.55,2.5,0.5,1.84,2.09,1.85,2.09,1.89,2.09,1.84,2.04
E0,26/08/2023,15:00,Arsenal,Fulham,2,2,D,0,1,A,P Tierney,19,8,11,3,6,5,8,3,0,3,0,1,1.2,7.0,13.0,1.22,6.75,12.5,1.22,6.75,12.0,1.24,6.07,15.25,1.15,6.0,11.0,1.2,6.5,12.0,1.27,7.27,15.25,1.23,6.49,13.35,1.44,2.75,1.5,2.63,1.53,2.8,1.48,2.67,-1.75,1.85,2.05,1.85,2.05,1.89,2.09,1.84,2.03,1.3,5.75,10.0,,,,1.27,5.75,11.0,1.29,6.29,10.32,1.17,5.8,11.0,1.25,6.0,11.0,1.31,6.5,13.5,1.27,5.98,10.95,1.5,2.63,1.53,2.64,1.54,2.68,1.51,2.58,-1.75,2.04,1.89,2.08,1.85,2.09,1.99,1.98,1.88
E0,26/08/2023,15:00,Brentford,Crystal Palace,1,1,D,1,0,H,P Bankes,12,15,1,5,9,15,8,6,0,0,0,0,2.15,3.4,3.5,2.1,3.4,3.6,2.15,3.35,3.4,2.17,3.43,3.62,1.95,3.2,3.4,2.1,3.2,3.6,2.2,3.54,3.75,2.14,3.41,3.57,2.1,1.73,2.2,1.72,2.21,1.78,2.13,1.74,-0.25,1.87,2.03,1.87,2.05,1.88,2.09,1.84,2.02,2.15,3.4,3.5,,,,2.15,3.3,3.55,2.16,3.37,3.81,1.95,3.2,3.4,2.1,3.25,3.75,2.2,3.45,3.86,2.15,3.33,3.67,2.2,1.67,2.33,1.67,2.34,1.74,2.25,1.67,-0.25,1.85,2.08,1.85,2.09,1.88,2.09,1.83,2.04
E0,26/08/2023,15:00,Everton,Wolverhampton Wanderers,0,1,A,0,0,D,C Pawson,15,11,7,2,10,14,7,0,3,4,0,0,2.3,3.3,3.2,2.3,3.3,3.1,2.3,3.3,3.15,2.34,3.32,3.34,2.2,3.0,3.0,2.25,3.3,3.13,2.42,3.48,3.4,2.32,3.31,3.24,2.1,1.73,2.15,1.76,2.2,1.8,2.12,1.74,-0.25,2.02,1.88,2.0,1.91,2.05,1.94,1.98,1.87,2.4,3.3,2.9,,,,2.4,3.35,2.95,2.45,3.38,3.14,2.25,3.1,2.8,2.38,3.4,3.0,2.5,3.46,3.21,2.43,3.36,3.02,1.99,1.91,2.01,1.9,2.12,1.95,1.97,1.88,-0.25,2.11,1.82,2.1,1.84,2.2,1.85,2.08,1.81
E0,26/08/2023,15:00,Manchester United,Nottingham Forest,3,2,H,1,2,A,S Attwell,18,9,9,4,13,11,11,3,4,4,0,1,1.3,6.0,8.0,1.31,5.75,8.75,1.33,5.75,8.75,1.32,5.98,9.11,1.25,5.0,8.0,1.29,5.5,10.0,1.34,6.2,10.0,1.31,5.79,9.23,1.5,2.63,1.53,2.61,1.55,2.63,1.52,2.56,-1.5,1.89,2.01,1.9,2.01,1.94,2.04,1.88,1.98,1.36,5.0,8.0,,,,1.37,5.25,8.25,1.38,5.3,8.51,1.25,5.0,8.0,1.33,5.5,8.0,1.41,5.75,8.83,1.36,5.26,8.13,1.57,2.38,1.59,2.48,1.68,2.55,1.55,2.45,-1.5,2.06,1.87,2.06,1.88,2.09,1.93,2.01,1.85
E0,26/08/2023,17:30,Brighton,West Ham,1,3,A,0,1,A,A Taylor,25,12,10,3,10,9,17,4,1,3,0,0,1.53,4.75,5.25,1.52,4.6,5.5,1.53,4.7,5.5,1.54,4.74,5.81,1.4,4.2,5.8,1.5,4.5,5.75,1.58,4.9,6.0,1.53,4.67,5.73,1.5,2.63,1.49,2.72,1.52,2.73,1.49,2.63,-1.0,1.86,2.04,1.88,2.03,1.9,2.09,1.85,2.01,1.5,4.75,5.5,,,,1.55,4.6,5.5,1.5,4.95,6.25,1.4,4.2,5.8,1.5,4.6,6.0,1.57,5.1,6.7,1.51,4.78,5.91,1.44,2.75,1.49,2.73,1.51,2.89,1.48,2.69,-1.25,2.08,1.85,2.1,1.87,2.15,1.91,2.06,1.82
E0,27/08/2023,14:00,Burnley,Aston Villa,1,3,A,0,2,A,M Salisbury,9,16,2,6,12,11,4,6,2,0,0,0,3.4,3.4,2.15,3.3,3.5,2.15,3.25,3.5,2.2,3.39,3.65,2.18,3.2,3.25,2.0,3.4,3.4,2.1,3.46,3.7,2.22,3.36,3.55,2.16,1.86,2.04,1.86,2.03,1.92,2.06,1.85,1.99,0.25,2.02,1.88,2.02,1.88,2.05,1.91,1.99,1.85,3.2,3.4,2.25,,,,3.1,3.5,2.25,3.24,3.6,2.29,2.8,3.3,2.15,3.3,3.5,2.15,3.66,3.7,2.32,3.21,3.54,2.24,1.8,2.0,1.81,2.09,1.84,2.13,1.8,2.06,0.25,1.93,2.0,1.94,1.98,2.04,2.02,1.92,1.94
E0,27/08/2023,14:00,Sheffield United,Manchester City,1,2,A,0,0,D,J Gillett,6,30,2,9,11,2,1,12,3,0,0,0,13.0,8.0,1.17,16.0,7.0,1.19,16.0,7.25,1.17,16.72,7.73,1.18,13.0,6.5,1.12,18.0,7.0,1.15,19.5,8.6,1.21,16.67,7.51,1.18,1.57,2.38,1.59,2.44,1.62,2.5,1.57,2.41,2.0,1.94,1.96,1.92,1.97,2.0,2.01,1.92,1.94,12.0,7.0,1.2,,,,13.0,6.75,1.22,16.0,7.4,1.2,13.0,6.5,1.12,17.0,7.0,1.18,17.0,7.6,1.23,14.68,6.99,1.2,1.57,2.38,1.61,2.41,1.66,2.45,1.61,2.36,1.75,2.08,1.85,2.08,1.84,2.12,1.87,2.03,1.83
E0,27/08/2023,16:30,Newcastle United,Liverpool,1,2,A,1,0,H,J Brooks,23,9,8,4,16,10,5,9,1,2,0,1,2.2,3.75,3.0,2.2,3.9,2.95,2.25,3.65,3.05,2.2,3.95,3.13,2.05,3.6,2.75,2.15,3.75,3.0,2.3,4.1,3.18,2.2,3.9,3.03,1.5,2.63,1.51,2.65,1.53,2.8,1.49,2.64,-0.25,1.94,1.96,1.93,1.98,1.97,2.0,1.92,1.94,2.2,3.75,3.1,,,,2.25,3.7,2.95,2.24,3.93,3.11,2.05,3.6,2.75,2.15,3.8,3.1,2.4,4.1,3.2,2.22,3.84,3.02,1.53,2.5,1.57,2.54,1.57,2.82,1.51,2.6,-0.25,1.95,1.98,1.96,1.96,2.04,1.99,1.92,1.93
E0,01/09/2023,20:00,Luton,West Ham,1,2,A,0,1,A,P Tierney,16,9,1,3,8,13,9,6,1,1,0,0,4.75,3.8,1.73,4.5,3.8,1.75,4.7,3.8,1.73,4.82,4.04,1.75,3.75,3.5,1.75,5.0,3.8,1.7,5.0,4.2,1.78,4.7,3.94,1.74,1.87,2.03,1.83,2.07,1.87,2.1,1.82,2.03,0.75,1.94,1.99,1.96,1.96,2.0,2.0,1.92,1.93,4.5,4.0,1.73,4.4,3.9,1.73,4.6,3.9,1.73,4.67,4.09,1.76,4.33,3.6,1.62,4.8,3.9,1.7,4.99,4.35,1.78,4.67,4.02,1.73,1.73,2.1,1.76,2.17,1.77,2.29,1.73,2.16,0.75,1.93,2.0,1.94,1.98,2.01,2.0,1.93,1.93
E0,02/09/2023,12:30,Sheffield United,Everton,2,2,D,2,1,H,A Madley,13,16,8,6,11,13,4,6,1,2,0,0,2.9,3.25,2.5,3.0,3.1,2.45,2.95,3.2,2.5,3.06,3.27,2.53,2.9,3.1,2.2,3.0,3.13,2.5,3.15,3.36,2.59,3.01,3.23,2.5,2.2,1.67,2.26,1.69,2.36,1.72,2.26,1.66,0.0,2.13,1.81,2.16,1.78,2.16,1.81,2.11,1.78,3.1,3.4,2.38,3.0,3.25,2.37,3.05,3.35,2.35,3.21,3.42,2.39,2.9,3.1,2.2,3.2,3.3,2.3,3.36,3.5,2.42,3.12,3.36,2.35,2.04,1.86,2.05,1.87,2.13,1.9,2.03,1.82,0.25,1.89,2.04,1.88,2.05,1.94,2.07,1.85,2.01
E0,02/09/2023,15:00,Brentford,Bournemouth,2,2,D,1,1,D,R Madley,21,12,7,5,6,13,5,2,1,2,0,0,1.73,3.8,4.75,1.66,4.1,4.75,1.73,3.95,4.6,1.75,4.14,4.62,1.55,3.75,4.75,1.7,3.8,4.75,1.77,4.3,4.94,1.72,4.06,4.67,1.73,2.1,1.78,2.13,1.81,2.18,1.74,2.12,-0.75,1.95,1.98,1.95,1.95,1.96,2.01,1.91,1.95,1.73,4.0,4.5,1.71,3.9,4.6,1.75,3.85,4.6,1.75,4.01,4.86,1.62,3.7,4.33,1.73,3.8,4.8,1.76,4.1,5.0,1.73,3.98,4.75,1.8,2.0,1.83,2.07,1.85,2.13,1.8,2.06,-0.75,1.97,1.96,1.96,1.96,1.99,2.0,1.92,1.94
E0,02/09/2023,15:00,Burnley,Tottenham,2,5,A,1,2,A,D England,16,20,4,10,15,9,7,4,4,3,0,0,3.6,4.0,1.85,3.8,3.9,1.85,3.75,3.95,1.9,3.97,4.04,1.88,3.4,3.4,1.85,3.9,3.75,1.85,3.99,4.2,1.93,3.83,3.99,1.88,1.62,2.3,1.64,2.36,1.68,2.4,1.64,2.31,0.5,2.03,1.9,2.02,1.88,2.04,1.92,1.98,1.88,3.5,3.8,1.95,3.6,3.7,1.95,3.5,3.75,2.0,3.71,3.79,2.04,3.5,3.4,1.83,3.6,3.7,2.0,3.95,3.91,2.06,3.64,3.79,1.99,1.67,2.2,1.69,2.28,1.73,2.29,1.68,2.23,0.5,1.88,2.05,1.88,2.04,1.94,2.06,1.88,2.0
E0,02/09/2023,15:00,Chelsea,Nottingham Forest,0,1,A,0,0,D,T Robinson,21,7,2,3,10,9,8,0,3,4,0,0,1.4,4.5,8.5,1.37,5.0,7.75,1.4,5.0,7.75,1.39,5.1,8.62,1.3,4.33,7.5,1.36,4.8,8.5,1.43,5.35,9.0,1.38,5.03,8.27,1.62,2.3,1.65,2.32,1.7,2.38,1.64,2.3,-1.25,1.86,2.07,1.85,2.07,1.89,2.09,1.84,2.03,1.4,4.75,7.5,1.41,4.6,7.75,1.43,4.7,7.5,1.41,5.01,8.45,1.3,4.33,7.5,1.4,4.75,8.5,1.44,5.2,8.5,1.4,4.84,8.03,1.73,2.1,1.78,2.12,1.8,2.28,1.73,2.15,-1.25,1.92,2.01,1.93,2.0,1.96,2.05,1.91,1.96
E0,02/09/2023,15:00,Manchester City,Fulham,5,1,H,2,1,H,M Oliver,7,6,5,4,12,12,4,5,2,4,0,0,1.17,8.0,15.0,1.16,8.5,16.5,1.15,8.0,16.0,1.15,8.93,18.11,1.08,7.5,15.0,1.13,8.0,20.0,1.18,9.7,22.0,1.15,8.46,17.91,1.4,3.0,1.4,3.0,1.43,3.07,1.4,2.95,-2.25,2.03,1.9,2.01,1.88,2.04,1.92,1.98,1.87,1.18,8.0,13.0,1.19,7.5,14.0,1.2,7.0,14.0,1.19,7.65,16.0,1.08,7.5,15.0,1.17,7.5,17.0,1.22,8.4,19.0,1.18,7.68,15.7,1.44,2.75,1.41,2.99,1.47,3.26,1.42,2.89,-2.0,1.88,2.05,1.87,2.04,1.92,2.07,1.87,2.0
E0,02/09/2023,17:30,Brighton,Newcastle United,3,1,H,1,0,H,S Attwell,15,9,6,2,14,17,5,3,4,4,0,0,2.5,3.8,2.55,2.6,3.75,2.45,2.55,3.8,2.5,2.59,3.94,2.58,2.25,3.4,2.6,2.5,3.7,2.55,2.62,4.1,2.61,2.55,3.87,2.55,1.5,2.63,1.5,2.68,1.52,2.72,1.49,2.65,0.0,1.94,1.99,1.95,1.95,1.98,2.0,1.92,1.93,2.5,3.8,2.5,2.55,3.7,2.5,2.55,3.55,2.6,2.64,3.87,2.59,2.3,3.4,2.5,2.6,3.75,2.5,2.83,3.97,2.78,2.55,3.81,2.58,1.5,2.63,1.51,2.69,1.57,2.9,1.48,2.7,0.0,1.99,1.94,1.98,1.94,2.04,2.07,1.92,1.95
E0,03/09/2023,14:00,Crystal Palace,Wolverhampton Wanderers,3,2,H,0,0,D,R Jones,16,12,11,4,12,12,4,2,1,3,0,0,1.91,3.3,4.33,1.9,3.4,4.2,1.95,3.4,4.1,1.97,3.5,4.25,1.85,3.2,3.6,1.91,3.3,4.2,2.01,3.62,4.5,1.95,3.45,4.15,2.2,1.67,2.26,1.69,2.3,1.74,2.23,1.68,-0.5,1.98,1.95,1.97,1.93,2.05,1.96,1.95,1.91,1.85,3.4,4.5,1.9,3.4,4.2,1.95,3.45,4.2,1.9,3.61,4.54,1.85,3.1,3.8,1.87,3.5,4.33,1.95,3.7,4.8,1.9,3.54,4.32,2.1,1.73,2.08,1.84,2.16,1.88,2.09,1.78,-0.5,1.89,2.04,1.9,2.03,1.98,2.05,1.9,1.98
E0,03/09/2023,14:00,Liverpool,Aston Villa,3,0,H,2,0,H,S Hooper,17,9,4,3,12,7,7,3,0,1,0,0,1.65,4.5,4.5,1.66,4.4,4.4,1.67,4.3,4.5,1.68,4.61,4.6,1.5,4.2,4.6,1.62,4.33,4.6,1.71,4.7,4.9,1.66,4.49,4.57,1.4,3.0,1.41,3.02,1.44,3.07,1.41,2.94,-1.0,2.05,1.75,2.09,1.82,2.12,1.86,2.07,1.8,1.6,4.75,4.75,1.6,4.5,4.8,1.6,4.4,4.9,1.65,4.67,5.02,1.44,4.2,4.8,1.57,4.5,5.25,1.65,4.9,5.25,1.61,4.62,4.94,1.4,3.0,1.42,3.01,1.43,3.12,1.4,2.97,-1.0,2.05,1.88,2.04,1.88,2.06,1.96,1.97,1.9
E0,03/09/2023,16:30,Arsenal,Manchester United,3,1,H,1,1,D,A Taylor,17,10,5,2,8,7,12,3,2,3,0,0,1.75,3.8,4.5,1.75,4.0,4.2,1.8,3.85,4.3,1.77,4.08,4.55,1.67,3.7,3.9,1.73,3.9,4.33,1.83,4.25,4.7,1.77,4.04,4.38,1.57,2.38,1.58,2.49,1.6,2.53,1.55,2.47,-0.75,2.01,1.92,1.98,1.93,2.02,1.94,1.97,1.89,1.75,4.1,4.2,1.73,4.1,4.2,1.77,4.0,4.2,1.76,4.2,4.49,1.67,3.7,3.9,1.73,4.2,4.33,1.86,4.4,4.65,1.77,4.14,4.29,1.44,2.75,1.48,2.81,1.53,2.84,1.47,2.71,-0.75,1.96,1.97,1.96,1.96,2.08,1.99,1.96,1.91
E0,16/09/2023,12:30,Wolverhampton Wanderers,Liverpool,1,3,A,1,0,H,M Oliver,11,16,2,6,10,4,4,4,1,3,0,0,6.0,5.0,1.45,6.25,4.8,1.46,6.25,4.9,1.45,6.66,4.98,1.47,6.0,4.4,1.36,6.5,4.75,1.44,7.5,5.25,1.51,6.64,4.95,1.45,1.44,2.75,1.5,2.69,1.52,2.75,1.48,2.66,1.25,1.92,1.98,1.88,2.03,1.95,2.05,1.9,1.96,4.33,4.33,1.7,4.5,4.2,1.68,4.5,4.3,1.67,4.58,4.46,1.71,4.75,3.9,1.53,4.75,4.33,1.65,5.27,4.6,1.74,4.77,4.35,1.67,1.53,2.5,1.53,2.64,1.57,2.66,1.52,2.56,0.75,2.02,1.91,2.03,1.9,2.12,1.92,2.04,1.83
E0,16/09/2023,15:00,Aston Villa,Crystal Palace,3,1,H,0,0,D,D England,16,6,5,3,13,9,4,2,5,3,0,0,1.91,3.6,4.0,1.9,3.6,3.9,1.9,3.65,3.95,1.93,3.76,4.1,1.8,3.1,4.0,1.87,3.5,4.1,1.96,3.89,4.21,1.9,3.7,4.07,1.89,2.01,1.89,2.0,1.92,2.04,1.87,1.97,-0.5,1.91,1.99,1.93,1.98,1.93,2.03,1.89,1.97,1.95,3.6,4.0,1.95,3.6,3.75,1.95,3.6,3.85,1.98,3.66,4.08,1.83,3.3,3.6,1.93,3.6,4.0,2.0,3.8,4.34,1.94,3.64,4.01,1.93,1.97,1.94,1.96,1.95,2.04,1.89,1.95,-0.5,1.99,1.94,1.98,1.94,2.0,1.98,1.95,1.93
E0,16/09/2023,15:00,Fulham,Luton,1,0,H,0,0,D,M Salisbury,13,7,2,2,6,14,6,2,2,2,0,0,1.67,3.75,5.5,1.66,3.9,5.0,1.65,3.85,5.25,1.68,4.03,5.31,1.57,3.5,5.0,1.65,3.75,5.25,1.73,4.2,5.5,1.68,3.96,5.18,1.89,2.01,1.88,2.0,1.93,2.04,1.88,1.96,-0.75,1.87,2.03,1.88,2.03,1.91,2.09,1.85,2.01,1.65,3.6,6.0,1.65,3.75,5.5,1.65,3.7,5.5,1.69,3.82,5.68,1.57,3.5,5.0,1.62,3.75,6.0,1.71,4.0,6.5,1.66,3.79,5.67,2.1,1.73,2.18,1.75,2.19,1.86,2.1,1.77,-0.75,1.89,2.04,1.91,2.02,1.91,2.11,1.85,2.02
E0,16/09/2023,15:00,Manchester United,Brighton,1,3,A,0,1,A,J Gillett,14,10,4,8,8,9,8,1,2,2,0,0,2.15,4.0,2.88,2.15,3.9,2.95,2.2,3.9,2.9,2.25,4.02,2.99,2.0,3.6,2.9,2.15,3.9,2.9,2.28,4.19,3.07,2.21,3.98,2.96,1.44,2.75,1.43,2.95,1.44,3.02,1.42,2.87,-0.25,1.97,1.93,1.98,1.93,2.01,1.97,1.94,1.91,2.0,4.0,3.25,2.0,3.9,3.25,2.05,3.9,3.3,2.07,3.9,3.53,1.85,3.6,3.2,2.0,4.0,3.3,2.08,4.15,3.78,2.0,3.99,3.44,1.44,2.75,1.49,2.75,1.49,3.12,1.43,2.88,-0.5,2.04,1.89,2.07,1.86,2.08,1.96,2.01,1.87
E0,16/09/2023,15:00,Tottenham,Sheffield United,2,1,H,0,0,D,P Bankes,28,7,10,5,13,14,15,2,6,5,0,1,1.29,5.5,11.0,1.28,6.0,9.75,1.27,6.0,11.0,1.29,6.08,10.21,1.22,5.0,9.0,1.25,5.75,11.0,1.31,6.51,12.0,1.28,6.1,10.52,1.5,2.63,1.49,2.71,1.51,2.75,1.48,2.66,-1.75,2.03,1.87,2.05,1.85,2.07,1.94,1.99,1.87,1.29,5.75,10.0,1.28,6.0,9.5,1.27,6.0,10.0,1.3,6.31,9.4,1.22,5.5,8.0,1.29,6.0,9.5,1.32,6.7,11.0,1.29,6.17,9.68,1.4,3.0,1.41,3.02,1.45,3.19,1.41,2.97,-1.75,2.01,1.92,2.0,1.91,2.05,1.93,1.97,1.89
E0,16/09/2023,15:00,West Ham,Manchester City,1,3,A,1,0,H,A Madley,6,29,3,15,7,11,4,11,3,2,0,0,7.0,4.5,1.45,6.25,4.6,1.49,6.5,4.7,1.47,6.58,4.7,1.5,5.8,4.2,1.4,6.5,4.5,1.45,7.5,4.95,1.53,6.57,4.67,1.48,1.62,2.3,1.65,2.34,1.7,2.43,1.62,2.34,1.25,1.83,2.07,1.82,2.11,1.86,2.11,1.82,2.05,5.25,4.2,1.6,5.25,4.1,1.61,6.0,4.2,1.55,5.49,4.3,1.63,5.0,3.7,1.5,6.0,4.1,1.57,6.13,4.4,1.66,5.6,4.22,1.61,1.73,2.1,1.75,2.17,1.83,2.23,1.75,2.08,1.0,1.83,2.1,1.85,2.08,1.96,2.12,1.86,2.03
E0,16/09/2023,17:30,Newcastle United,Brentford,1,0,H,0,0,D,C Pawson,9,11,2,2,8,12,8,3,3,5,0,0,1.53,4.2,6.0,1.55,4.2,5.75,1.53,4.4,5.75,1.54,4.47,6.3,1.44,3.9,5.5,1.5,4.33,6.0,1.58,4.6,6.75,1.53,4.37,6.12,1.67,2.2,1.68,2.29,1.7,2.36,1.67,2.24,-1.0,1.89,2.01,1.9,2.01,1.91,2.05,1.87,1.99,1.6,4.0,5.5,1.63,4.0,5.0,1.63,4.0,5.25,1.66,4.17,5.43,1.5,3.6,5.5,1.62,4.0,5.5,1.69,4.2,6.0,1.64,4.08,5.4,1.73,2.1,1.78,2.13,1.84,2.26,1.77,2.09,-1.0,2.05,1.75,2.11,1.81,2.18,1.83,2.11,1.78
E0,17/09/2023,14:00,Bournemouth,Chelsea,0,0,D,0,0,D,D Coote,13,14,4,6,15,20,1,7,1,5,0,0,4.33,3.75,1.8,4.2,4.0,1.75,4.3,3.9,1.77,4.39,4.05,1.8,4.0,3.7,1.65,4.33,3.8,1.75,4.5,4.2,1.84,4.34,3.96,1.79,1.67,2.2,1.66,2.32,1.68,2.38,1.64,2.3,0.75,1.89,2.01,1.88,2.03,1.9,2.06,1.85,1.99,4.2,3.75,1.83,3.9,3.8,1.85,3.9,3.85,1.9,4.34,3.97,1.83,3.7,3.5,1.75,4.1,3.75,1.85,4.34,4.0,1.94,4.06,3.88,1.87,1.73,2.1,1.75,2.19,1.77,2.31,1.71,2.19,0.5,2.08,1.85,2.09,1.83,2.09,1.92,2.01,1.87
E0,17/09/2023,16:30,Everton,Arsenal,0,1,A,0,0,D,S Hooper,8,13,1,4,12,10,1,11,1,1,0,0,6.0,4.5,1.5,5.75,4.5,1.52,5.75,4.4,1.55,6.3,4.54,1.53,5.8,4.2,1.4,6.0,4.33,1.5,6.5,4.75,1.57,6.07,4.55,1.52,1.67,2.2,1.67,2.3,1.7,2.36,1.65,2.27,1.0,2.05,1.85,2.03,1.88,2.08,1.89,2.02,1.85,5.5,4.33,1.55,5.5,4.33,1.55,5.5,4.4,1.55,6.0,4.3,1.59,5.8,4.2,1.4,6.0,4.33,1.53,6.68,4.61,1.64,5.74,4.37,1.57,1.73,2.1,1.75,2.17,1.92,2.35,1.68,2.23,1.0,1.94,1.99,1.94,1.98,2.01,2.05,1.92,1.95
E0,18/09/2023,19:45,Nottingham Forest,Burnley,1,1,D,0,1,A,R Jones,14,10,4,3,16,10,5,4,2,3,0,1,2.2,3.5,3.25,2.2,3.5,3.1,2.25,3.45,3.15,2.23,3.58,3.33,2.05,3.2,3.1,2.2,3.4,3.2,2.31,3.65,3.41,2.24,3.51,3.22,1.92,1.98,1.92,1.97,1.98,2.01,1.91,1.92,-0.25,1.9,2.0,1.93,1.98,2.0,2.02,1.93,1.92,2.05,3.5,3.5,2.1,3.4,3.6,2.1,3.45,3.5,2.14,3.51,3.69,2.0,3.0,3.4,2.1,3.4,3.6,2.2,3.6,3.95,2.11,3.45,3.59,2.06,1.84,2.08,1.89,2.1,1.93,1.98,1.87,-0.25,1.84,2.09,1.85,2.09,1.85,2.18,1.82,2.05
E0,23/09/2023,15:00,Crystal Palace,Fulham,0,0,D,0,0,D,P Tierney,7,10,3,5,10,15,3,2,3,2,0,0,1.91,3.4,4.2,1.88,3.5,4.1,1.95,3.4,4.1,1.99,3.54,4.11,1.8,3.25,3.8,1.93,3.4,4.0,2.01,3.68,4.35,1.95,3.51,4.09,2.0,1.8,2.1,1.79,2.13,1.85,2.05,1.8,-0.5,1.98,1.92,1.99,1.92,2.02,1.98,1.95,1.91,2.05,3.25,3.8,1.88,3.5,4.1,2.1,3.3,3.7,2.1,3.39,3.97,1.91,3.0,3.7,2.05,3.25,3.9,2.13,3.47,4.2,2.08,3.34,3.87,2.2,1.67,2.24,1.72,2.28,1.77,2.2,1.7,-0.5,2.11,1.82,2.1,1.84,2.14,1.84,2.09,1.81
E0,23/09/2023,15:00,Luton,Wolverhampton Wanderers,1,1,D,0,0,D,J Smith,20,3,4,3,12,17,10,1,0,2,0,1,3.25,3.4,2.2,3.25,3.4,2.2,3.35,3.35,2.2,3.26,3.47,2.31,3.2,3.1,2.05,3.25,3.3,2.2,3.5,3.58,2.34,3.3,3.43,2.23,2.02,1.88,2.03,1.86,2.06,1.91,1.99,1.85,0.25,1.96,1.94,1.92,1.99,1.98,2.01,1.93,1.91,3.1,3.3,2.38,3.25,3.4,2.2,3.1,3.3,2.35,3.28,3.31,2.41,2.9,3.2,2.15,3.2,3.3,2.3,3.45,3.42,2.46,3.18,3.32,2.37,2.1,1.73,2.18,1.79,2.2,1.83,2.08,1.78,0.25,1.89,2.04,1.88,2.05,1.94,2.1,1.86,2.01
E0,23/09/2023,15:00,Manchester City,Nottingham Forest,2,0,H,2,0,H,A Taylor,7,10,4,3,5,17,6,6,3,7,1,0,1.14,8.5,15.0,1.15,8.25,18.0,1.15,8.0,16.0,1.15,9.04,17.91,1.1,7.0,13.0,1.13,8.0,20.0,1.17,9.8,21.0,1.15,8.55,18.11,1.4,3.0,1.42,2.93,1.46,3.1,1.41,2.94,-2.25,2.02,1.88,2.04,1.86,2.06,1.95,1.98,1.88,1.17,8.0,15.0,1.15,8.25,18.0,1.17,7.25,16.0,1.17,8.5,18.0,1.08,7.0,17.0,1.14,8.0,21.0,1.18,9.0,21.0,1.16,8.11,18.46,1.5,2.63,1.51,2.66,1.55,2.83,1.51,2.61,-2.0,1.9,2.03,1.9,2.01,1.92,2.15,1.86,2.02
E0,23/09/2023,17:30,Brentford,Everton,1,3,A,1,1,D,M Oliver,12,18,2,6,9,12,1,4,2,2,0,0,1.8,3.8,4.2,1.77,3.7,4.5,1.8,3.75,4.3,1.81,3.8,4.67,1.65,3.5,4.33,1.75,3.6,4.6,1.84,3.95,4.75,1.8,3.78,4.49,1.95,1.95,1.93,1.95,2.0,2.0,1.92,1.92,-0.75,2.06,1.84,2.06,1.85,2.1,1.9,2.03,1.83,1.91,3.5,4.33,1.93,3.4,4.1,1.95,3.55,4.0,1.95,3.53,4.4,1.73,3.4,4.0,1.9,3.5,4.2,1.98,3.83,4.4,1.93,3.56,4.16,2.1,1.73,2.14,1.78,2.2,1.99,2.03,1.82,-0.5,1.95,1.98,1.95,1.97,1.98,2.0,1.93,1.94
E0,23/09/2023,20:00,Burnley,Manchester United,0,1,A,0,1,A,T Harrington,12,11,4,4,6,12,9,5,1,2,0,0,4.2,4.2,1.73,4.33,4.0,1.73,4.2,4.1,1.77,4.28,4.31,1.77,4.2,3.7,1.62,4.5,3.9,1.7,4.6,4.4,1.8,4.31,4.16,1.75,1.62,2.3,1.62,2.41,1.66,2.43,1.61,2.36,0.75,1.95,1.95,1.93,1.98,2.0,2.01,1.91,1.93,4.0,3.8,1.83,4.0,3.8,1.83,4.1,3.85,1.83,4.32,4.0,1.83,3.9,3.6,1.7,4.4,3.9,1.8,4.62,4.1,1.89,4.15,3.91,1.84,1.73,2.1,1.73,2.21,1.75,2.31,1.7,2.2,0.75,1.78,2.03,1.85,2.09,1.9,2.14,1.8,2.06
E0,24/09/2023,14:00,Arsenal,Tottenham,2,2,D,1,1,D,R Jones,13,13,6,5,12,19,11,4,3,4,0,0,1.67,4.33,4.33,1.72,4.2,4.2,1.7,4.3,4.4,1.68,4.45,4.69,1.65,3.8,3.9,1.65,4.1,4.6,1.76,4.6,4.75,1.7,4.36,4.5,1.5,2.63,1.51,2.66,1.54,2.69,1.51,2.58,-0.75,1.87,2.03,1.86,2.05,1.93,2.06,1.86,1.99,1.62,4.33,4.75,1.62,4.33,4.75,1.65,4.3,4.7,1.65,4.39,5.11,1.5,4.0,4.75,1.62,4.33,5.0,1.71,4.6,5.5,1.64,4.37,5.0,1.53,2.5,1.55,2.6,1.59,2.67,1.52,2.57,-1.0,2.08,1.85,2.08,1.85,2.1,1.9,2.05,1.84
E0,24/09/2023,14:00,Brighton,Bournemouth,3,1,H,1,1,D,J Brooks,13,12,4,4,12,17,4,4,3,3,0,0,1.36,5.25,7.5,1.36,5.5,7.25,1.4,5.5,7.0,1.41,5.08,7.9,1.29,5.0,7.0,1.33,5.25,8.0,1.43,5.75,8.3,1.38,5.31,7.58,1.36,3.2,1.39,3.13,1.4,3.3,1.37,3.11,-1.5,2.01,1.89,2.01,1.89,2.05,1.93,1.98,1.88,1.5,4.75,5.5,1.49,4.8,5.75,1.5,4.9,5.5,1.52,4.97,5.9,1.36,4.4,5.8,1.44,5.0,6.5,1.54,5.25,6.5,1.5,4.91,5.97,1.44,2.75,1.46,2.85,1.48,3.0,1.44,2.83,-1.25,2.09,1.84,2.09,1.85,2.1,1.92,2.02,1.85
E0,24/09/2023,14:00,Chelsea,Aston Villa,0,1,A,0,0,D,J Gillett,10,15,4,7,9,11,5,11,2,3,0,0,1.91,3.75,3.8,1.88,3.8,3.8,1.9,3.8,3.8,1.93,3.9,3.93,1.75,3.5,3.7,1.87,3.7,3.8,1.96,4.0,4.1,1.91,3.85,3.87,1.73,2.1,1.7,2.24,1.74,2.26,1.7,2.2,-0.5,1.91,1.99,1.93,1.98,1.94,2.02,1.9,1.97,1.85,3.75,4.0,1.87,3.75,3.9,1.83,3.85,4.1,1.91,3.93,4.1,1.75,3.5,3.7,1.85,3.8,4.1,1.93,4.1,4.4,1.86,3.9,4.09,1.73,2.1,1.72,2.21,1.76,2.25,1.71,2.19,-0.5,1.9,2.03,1.91,2.02,1.92,2.12,1.85,2.03
E0,24/09/2023,14:00,Liverpool,West Ham,3,1,H,1,1,D,C Kavanagh,22,11,7,4,12,13,7,4,0,2,0,0,1.4,5.0,7.0,1.39,5.25,6.75,1.4,5.5,6.75,1.4,5.67,7.21,1.33,4.6,6.5,1.36,5.0,7.5,1.45,5.8,7.7,1.39,5.38,7.19,1.4,3.0,1.4,3.06,1.42,3.12,1.4,2.96,-1.5,2.03,1.87,2.05,1.86,2.09,1.89,2.03,1.84,1.36,5.25,7.5,1.38,5.5,7.0,1.37,5.25,7.5,1.39,5.64,7.61,1.3,4.8,7.0,1.33,5.5,8.5,1.4,6.0,8.5,1.37,5.58,7.78,1.4,3.0,1.41,3.08,1.41,3.25,1.38,3.11,-1.5,2.01,1.92,2.01,1.91,2.04,1.96,1.96,1.91
E0,24/09/2023,16:30,Sheffield United,Newcastle United,0,8,A,0,3,A,S Attwell,9,22,1,15,12,8,2,6,3,0,0,0,7.0,4.75,1.44,6.75,4.6,1.44,6.75,4.7,1.45,7.05,4.98,1.45,6.5,4.2,1.36,7.5,4.6,1.4,7.5,5.1,1.51,7.01,4.78,1.45,1.67,2.2,1.68,2.29,1.71,2.34,1.66,2.25,1.25,1.92,1.98,1.92,1.99,1.95,2.03,1.88,1.97,6.0,4.2,1.53,5.75,4.2,1.55,6.0,4.3,1.53,6.05,4.39,1.57,5.5,4.0,1.44,6.5,4.1,1.45,7.0,4.6,1.57,6.26,4.37,1.53,1.85,2.05,1.85,2.06,1.87,2.2,1.79,2.07,1.0,1.95,1.98,1.94,1.98,2.08,1.99,1.98,1.89
E0,30/09/2023,12:30,Aston Villa,Brighton,6,1,H,3,0,H,A Madley,19,11,9,3,19,21,1,3,4,4,0,0,2.55,3.75,2.55,2.45,3.9,2.55,2.6,3.85,2.45,2.58,3.96,2.58,2.5,3.9,2.45,2.5,3.8,2.5,2.65,4.11,2.65,2.56,3.92,2.55,1.44,2.75,1.45,2.88,1.45,2.98,1.43,2.84,0.0,1.97,1.96,1.95,1.95,1.97,1.99,1.93,1.93,2.45,3.6,2.7,2.45,3.6,2.65,2.5,3.6,2.7,2.49,3.77,2.82,2.45,3.7,2.62,2.45,3.8,2.63,2.7,3.85,2.82,2.5,3.7,2.7,1.5,2.63,1.52,2.65,1.52,2.85,1.49,2.63,0.0,1.86,2.07,1.85,2.09,1.96,2.12,1.85,2.01
E0,30/09/2023,15:00,Bournemouth,Arsenal,0,4,A,0,2,A,M Salisbury,8,15,1,8,11,10,6,6,0,1,0,0,5.5,4.5,1.53,5.75,4.6,1.51,5.5,4.6,1.53,5.59,4.77,1.56,5.8,4.5,1.5,6.0,4.33,1.5,6.0,4.9,1.58,5.77,4.68,1.53,1.53,2.5,1.57,2.5,1.58,2.56,1.54,2.49,1.0,2.0,1.93,2.01,1.9,2.06,1.93,2.01,1.85,5.5,4.5,1.53,6.0,4.4,1.52,5.75,4.5,1.53,6.06,4.62,1.55,6.5,4.6,1.44,6.5,4.33,1.5,6.5,4.8,1.59,6.03,4.55,1.53,1.62,2.3,1.62,2.41,1.7,2.42,1.64,2.32,1.0,2.03,1.9,2.04,1.89,2.08,1.93,2.02,1.86
E0,30/09/2023,15:00,Everton,Luton,1,2,A,1,2,A,A Taylor,23,9,5,2,8,10,3,6,0,1,0,0,1.57,3.8,6.5,1.6,3.9,5.75,1.6,3.9,6.0,1.62,3.94,6.24,1.6,3.9,5.8,1.57,3.8,6.0,1.68,4.1,6.5,1.61,3.94,6.06,2.05,1.85,2.04,1.85,2.08,1.88,2.02,1.82,-1.0,2.09,1.84,2.11,1.81,2.13,1.84,2.07,1.8,1.67,3.75,5.25,1.62,3.9,5.5,1.63,3.85,5.75,1.67,3.93,5.7,1.6,3.8,5.8,1.62,3.8,6.0,1.68,4.0,6.27,1.65,3.87,5.72,2.03,1.87,2.05,1.87,2.13,1.89,1.99,1.84,-0.75,1.86,2.07,1.87,2.06,1.89,2.14,1.81,2.04
E0,30/09/2023,15:00,Manchester United,Crystal Palace,0,1,A,0,1,A,C Kavanagh,19,8,4,2,10,8,10,4,3,2,0,0,1.55,4.2,5.75,1.55,4.2,5.75,1.57,4.2,5.75,1.57,4.36,5.96,1.53,4.2,5.8,1.53,4.1,6.0,1.61,4.5,6.1,1.57,4.3,5.89,1.8,2.0,1.79,2.09,1.83,2.14,1.77,2.08,-1.0,2.0,1.93,1.98,1.92,2.03,1.95,1.95,1.91,1.55,4.2,6.0,1.55,4.1,5.75,1.55,4.2,5.75,1.58,4.37,5.96,1.53,4.2,6.0,1.53,4.1,6.5,1.65,4.46,6.5,1.57,4.26,6.05,1.82,2.08,1.8,2.1,1.91,2.13,1.82,2.03,-1.0,1.97,1.96,1.98,1.94,2.05,1.99,1.96,1.91
E0,30/09/2023,15:00,Newcastle United,Burnley,2,0,H,1,0,H,T Bramall,20,8,8,2,7,15,5,3,1,3,0,0,1.3,5.75,9.0,1.31,5.5,9.25,1.35,5.5,8.25,1.34,5.67,9.15,1.3,5.5,9.0,1.3,5.25,9.5,1.36,5.9,10.5,1.33,5.62,9.22,1.53,2.5,1.56,2.54,1.57,2.58,1.53,2.52,-1.5,1.96,1.97,1.96,1.94,1.97,1.99,1.92,1.94,1.36,5.0,7.5,1.38,4.8,8.0,1.4,5.0,7.75,1.38,5.24,8.53,1.35,5.0,8.5,1.36,4.8,9.0,1.42,5.5,9.5,1.38,5.13,8.43,1.67,2.2,1.68,2.25,1.78,2.42,1.67,2.24,-1.25,1.85,2.08,1.85,2.09,1.91,2.11,1.83,2.03
E0,30/09/2023,15:00,West Ham,Sheffield United,2,0,H,2,0,H,G Scott,20,16,9,2,6,9,7,4,1,1,0,0,1.45,4.5,7.0,1.46,4.6,6.75,1.45,4.7,6.75,1.44,4.94,7.44,1.4,4.75,7.0,1.4,4.6,7.5,1.49,5.1,7.5,1.45,4.79,7.1,1.67,2.2,1.64,2.34,1.7,2.4,1.64,2.29,-1.25,2.02,1.91,1.98,1.93,2.05,1.94,1.98,1.88,1.44,4.5,7.0,1.46,4.5,6.75,1.45,4.7,6.75,1.48,4.79,7.0,1.4,4.75,7.5,1.4,4.75,8.0,1.48,5.1,8.5,1.44,4.79,7.35,1.73,2.1,1.72,2.21,1.82,2.42,1.7,2.2,-1.25,2.04,1.89,2.06,1.87,2.09,1.96,1.97,1.89
E0,30/09/2023,15:00,Wolverhampton Wanderers,Manchester City,2,1,H,1,0,H,C Pawson,3,23,1,8,18,12,0,6,5,4,0,0,8.0,5.75,1.33,8.75,5.5,1.32,8.25,5.5,1.33,9.61,5.75,1.33,9.5,5.5,1.29,10.0,5.5,1.29,10.0,6.0,1.36,9.2,5.65,1.33,1.53,2.5,1.56,2.54,1.57,2.57,1.53,2.51,1.5,1.97,1.96,1.95,1.95,2.0,2.0,1.94,1.92,7.5,5.0,1.4,7.75,5.0,1.39,7.75,5.0,1.4,8.61,5.19,1.39,8.5,5.0,1.35,8.5,5.0,1.36,9.5,5.59,1.42,8.34,5.12,1.39,1.67,2.2,1.71,2.24,1.75,2.36,1.68,2.23,1.25,2.05,1.88,2.05,1.88,2.11,1.94,2.02,1.85
E0,30/09/2023,17:30,Tottenham,Liverpool,2,1,H,1,1,D,S Hooper,24,12,8,4,11,17,12,5,5,4,0,2,2.9,4.0,2.15,2.9,4.0,2.15,3.05,3.75,2.2,2.98,4.12,2.23,2.88,4.0,2.15,2.9,3.9,2.15,3.08,4.2,2.28,2.96,4.03,2.21,1.36,3.2,1.42,3.0,1.42,3.2,1.39,3.02,0.25,1.97,1.96,1.94,1.96,1.97,2.0,1.92,1.93,3.0,3.8,2.2,2.8,3.9,2.25,3.0,3.75,2.25,2.96,4.01,2.3,2.8,3.9,2.25,2.9,4.0,2.2,3.29,4.2,2.32,2.96,3.94,2.25,1.36,3.2,1.38,3.22,1.44,3.22,1.38,3.07,0.25,1.92,2.01,1.9,2.02,1.99,2.02,1.9,1.96
E0,01/10/2023,14:00,Nottingham Forest,Brentford,1,1,D,0,0,D,P Tierney,6,18,1,5,6,10,1,11,1,2,1,0,2.75,3.1,2.7,2.75,3.25,2.6,2.75,3.2,2.65,2.84,3.29,2.69,2.75,3.4,2.5,2.75,3.13,2.6,2.89,3.46,2.75,2.81,3.27,2.65,2.1,1.73,2.13,1.78,2.17,1.81,2.09,1.76,0.0,2.01,1.89,2.01,1.9,2.05,1.91,1.98,1.87,2.63,3.0,2.88,2.55,3.2,2.8,2.7,3.15,2.75,2.62,3.27,2.99,2.6,3.25,2.75,2.7,3.2,2.75,2.85,3.34,3.17,2.65,3.21,2.85,2.1,1.73,2.18,1.76,2.46,1.79,2.13,1.73,0.0,1.82,2.08,1.84,2.1,1.93,2.1,1.86,1.99
E0,02/10/2023,20:00,Fulham,Chelsea,0,2,A,0,2,A,T Robinson,10,11,3,4,15,12,8,1,1,4,0,0,3.6,3.5,2.05,3.5,3.5,2.05,3.65,3.4,2.1,3.93,3.45,2.06,3.6,3.5,2.0,3.7,3.4,2.0,4.0,3.62,2.1,3.73,3.49,2.06,1.98,1.92,1.99,1.9,2.03,1.94,1.93,1.89,0.5,1.85,2.05,1.85,2.06,1.87,2.11,1.82,2.05,3.4,3.4,2.15,3.3,3.4,2.15,3.35,3.4,2.2,3.52,3.49,2.22,3.3,3.4,2.15,3.5,3.4,2.15,3.82,3.57,2.3,3.46,3.43,2.19,2.01,1.89,2.01,1.88,2.08,1.92,1.97,1.87,0.25,2.01,1.89,2.02,1.91,2.12,1.93,2.0,1.86
E0,03/10/2023,19:30,Luton,Burnley,1,2,A,0,1,A,P Bankes,18,14,3,4,14,6,7,6,4,2,0,0,2.9,3.0,2.63,2.85,3.1,2.55,2.9,3.1,2.6,2.94,3.23,2.65,2.88,3.1,2.6,2.88,3.13,2.63,3.0,3.3,2.72,2.92,3.18,2.63,2.2,1.65,2.25,1.7,2.31,1.73,2.24,1.67,0.0,2.08,1.85,2.06,1.85,2.09,1.88,2.03,1.83,2.88,3.1,2.6,2.8,3.1,2.6,2.85,3.15,2.6,2.95,3.22,2.69,2.88,3.1,2.6,2.88,3.13,2.63,3.13,3.3,2.7,2.94,3.16,2.62,2.2,1.65,2.29,1.69,2.35,1.74,2.22,1.66,0.0,2.06,1.87,2.06,1.88,2.14,1.88,2.05,1.82
E0,07/10/2023,12:30,Luton,Tottenham,0,1,A,0,0,D,J Brooks,12,15,2,4,16,7,5,6,2,1,0,1,6.0,4.75,1.45,6.25,4.75,1.47,6.0,4.7,1.5,6.91,4.98,1.46,6.5,4.6,1.44,6.5,4.75,1.45,7.1,5.1,1.54,6.46,4.79,1.48,1.53,2.4,1.55,2.54,1.58,2.57,1.55,2.46,1.25,1.88,2.02,1.92,1.98,1.94,2.07,1.85,2.01,7.0,5.0,1.4,6.5,5.0,1.43,6.25,4.9,1.45,6.8,5.15,1.45,7.5,4.8,1.4,7.5,5.0,1.4,7.8,5.3,1.49,6.8,5.05,1.44,1.48,2.6,1.51,2.68,1.53,2.83,1.49,2.65,1.25,1.91,2.02,1.96,1.96,1.98,2.02,1.93,1.92
E0,07/10/2023,15:00,Burnley,Chelsea,1,4,A,1,1,D,S Attwell,10,9,3,5,11,8,7,3,2,4,0,0,4.5,3.8,1.73,4.75,3.9,1.7,4.5,3.9,1.75,4.58,3.98,1.78,4.75,3.8,1.7,4.75,3.75,1.7,4.92,4.1,1.8,4.63,3.92,1.76,1.85,2.05,1.84,2.06,1.87,2.1,1.8,2.04,0.75,1.91,1.99,1.89,2.01,1.94,2.04,1.89,1.94,5.25,4.0,1.67,5.0,3.8,1.68,5.0,3.85,1.7,5.2,4.07,1.69,5.0,4.0,1.65,5.5,3.9,1.65,5.64,4.2,1.83,5.16,3.99,1.68,1.85,2.05,1.88,2.02,1.96,2.1,1.85,1.99,0.75,2.05,1.88,2.03,1.89,2.11,1.91,2.0,1.85
E0,07/10/2023,15:00,Everton,Bournemouth,3,0,H,2,0,H,D Coote,25,11,8,4,14,15,8,7,1,2,0,0,1.91,3.6,3.8,1.95,3.6,3.7,1.95,3.65,3.75,1.99,3.71,3.88,1.91,3.7,3.7,1.93,3.5,3.75,2.03,3.85,3.99,1.97,3.7,3.81,1.85,2.05,1.85,2.04,1.87,2.1,1.83,2.01,-0.5,1.98,1.92,1.99,1.92,2.01,1.95,1.96,1.9,1.85,3.75,4.0,1.9,3.6,3.9,1.9,3.65,3.9,1.93,3.78,4.18,1.85,3.8,3.9,1.91,3.7,3.9,1.97,3.85,4.34,1.92,3.72,4.03,1.86,2.04,1.88,2.03,1.9,2.1,1.83,2.02,-0.5,1.91,2.02,1.93,2.0,1.94,2.02,1.91,1.96
E0,07/10/2023,15:00,Fulham,Sheffield United,3,1,H,0,0,D,S Barrott,20,5,6,2,8,10,9,4,1,2,0,0,1.62,3.8,6.0,1.63,4.0,5.75,1.63,3.9,5.5,1.64,4.0,5.9,1.6,3.9,5.5,1.6,3.75,5.75,1.68,4.16,6.2,1.64,3.96,5.69,1.96,1.94,1.96,1.93,2.0,1.96,1.93,1.9,-1.0,2.08,1.73,2.12,1.79,2.15,1.82,2.11,1.77,1.45,4.2,7.5,1.5,4.4,6.75,1.5,4.4,6.25,1.52,4.56,6.57,1.5,4.33,6.5,1.5,4.2,7.0,1.57,4.6,7.5,1.52,4.41,6.6,1.73,2.08,1.78,2.13,1.87,2.16,1.78,2.07,-1.0,1.84,2.09,1.85,2.08,1.92,2.12,1.84,2.03
E0,07/10/2023,15:00,Manchester United,Brentford,2,1,H,0,1,A,A Madley,21,11,8,3,10,17,7,5,0,5,0,0,1.67,4.2,4.75,1.63,4.2,4.8,1.67,4.2,4.6,1.7,4.23,4.87,1.65,4.2,4.6,1.65,3.9,4.8,1.74,4.35,5.0,1.69,4.2,4.78,1.65,2.2,1.68,2.28,1.72,2.32,1.64,2.23,-0.75,1.88,2.02,1.88,2.03,1.91,2.06,1.85,2.0,1.6,4.33,5.0,1.65,4.1,5.0,1.65,4.2,4.8,1.63,4.33,5.41,1.6,4.2,5.0,1.6,4.1,5.5,1.74,4.35,5.5,1.66,4.19,5.12,1.62,2.25,1.67,2.31,1.75,2.36,1.67,2.24,-1.0,2.06,1.87,2.07,1.87,2.2,1.89,2.1,1.79
E0,07/10/2023,17:30,Crystal Palace,Nottingham Forest,0,0,D,0,0,D,C Pawson,8,16,2,5,7,12,3,7,0,1,0,0,2.2,3.1,3.6,2.2,3.2,3.4,2.25,3.2,3.45,2.26,3.3,3.54,2.15,3.25,3.5,2.2,3.1,3.5,2.31,3.44,3.65,2.24,3.25,3.49,2.25,1.62,2.31,1.67,2.35,1.71,2.28,1.65,-0.25,1.91,1.99,1.93,1.98,1.95,2.01,1.89,1.95,2.25,3.1,3.4,2.25,3.1,3.5,2.3,3.15,3.35,2.34,3.12,3.64,2.25,3.2,3.3,2.25,3.13,3.5,2.42,3.26,3.8,2.31,3.17,3.46,2.35,1.57,2.51,1.59,2.51,1.68,2.4,1.59,-0.25,1.99,1.94,1.98,1.94,2.03,2.01,1.94,1.91
E0,08/10/2023,14:00,Brighton,Liverpool,2,2,D,1,2,A,A Taylor,14,14,3,4,12,20,8,1,1,2,0,0,3.0,3.8,2.2,2.95,4.0,2.15,2.95,3.95,2.2,3.14,4.02,2.17,2.88,4.2,2.1,3.0,4.0,2.1,3.25,4.32,2.21,3.05,4.01,2.17,1.36,3.1,1.38,3.19,1.38,3.39,1.35,3.22,0.25,2.0,1.9,2.0,1.91,2.03,1.93,1.96,1.87,3.2,4.2,2.05,3.2,4.1,2.0,3.25,4.0,2.05,3.26,4.19,2.1,3.2,4.0,2.0,3.13,4.1,2.05,3.5,4.4,2.1,3.25,4.19,2.04,1.3,3.5,1.35,3.4,1.35,3.67,1.31,3.45,0.5,1.83,2.1,1.83,2.09,1.89,2.11,1.83,2.05
E0,08/10/2023,14:00,West Ham,Newcastle United,2,2,D,1,0,H,P Bankes,5,10,3,3,11,18,4,2,3,3,0,0,3.2,3.75,2.1,3.1,3.6,2.15,3.2,3.7,2.15,3.41,3.79,2.12,3.3,3.7,2.05,3.3,3.5,2.1,3.47,3.84,2.2,3.32,3.72,2.13,1.7,2.1,1.75,2.17,1.79,2.21,1.72,2.15,0.25,2.06,1.84,2.06,1.85,2.11,1.88,2.01,1.83,3.4,3.75,2.0,3.3,3.6,2.1,3.35,3.65,2.1,3.58,3.73,2.11,3.3,3.6,2.1,3.5,3.6,2.05,3.6,3.8,2.23,3.39,3.67,2.13,1.73,2.08,1.79,2.13,1.84,2.14,1.78,2.08,0.25,2.03,1.78,2.1,1.82,2.1,1.93,2.01,1.83
E0,08/10/2023,14:00,Wolverhampton Wanderers,Aston Villa,1,1,D,0,0,D,R Jones,8,18,3,4,19,9,2,10,2,2,1,0,3.5,3.4,2.1,3.4,3.6,2.05,3.35,3.5,2.15,3.39,3.64,2.18,3.3,3.6,2.1,3.3,3.5,2.1,3.5,3.77,2.21,3.4,3.59,2.14,1.75,2.05,1.8,2.09,1.85,2.12,1.8,2.04,0.25,2.04,1.86,2.02,1.89,2.07,1.9,2.0,1.84,3.75,3.4,2.0,3.5,3.5,2.05,3.65,3.35,2.1,3.7,3.68,2.08,3.5,3.6,2.0,3.6,3.5,2.0,3.8,3.78,2.11,3.63,3.61,2.06,1.84,2.06,1.87,2.05,1.88,2.1,1.83,2.03,0.5,1.85,2.08,1.85,2.08,1.88,2.1,1.83,2.05
E0,08/10/2023,16:30,Arsenal,Manchester City,1,0,H,0,0,D,M Oliver,12,4,2,1,8,7,5,4,2,3,0,0,2.9,3.3,2.4,2.85,3.5,2.4,2.85,3.45,2.45,2.99,3.49,2.46,2.75,3.6,2.4,2.88,3.4,2.38,3.05,3.66,2.51,2.92,3.49,2.44,1.75,2.05,1.79,2.1,1.85,2.16,1.78,2.05,0.25,1.79,2.11,1.81,2.12,1.83,2.13,1.79,2.07,2.9,3.3,2.45,2.95,3.2,2.45,2.9,3.25,2.5,3.0,3.39,2.56,2.9,3.25,2.45,3.0,3.25,2.45,3.31,3.41,2.6,3.0,3.3,2.5,2.08,1.82,2.05,1.86,2.13,2.04,2.03,1.82,0.25,1.73,2.08,1.78,2.17,1.85,2.23,1.76,2.11
E0,21/10/2023,12:30,Liverpool,Everton,2,0,H,0,0,D,C Pawson,26,6,6,1,9,9,12,4,1,1,0,1,1.33,5.75,7.5,1.36,5.25,7.75,1.37,5.5,7.25,1.37,5.77,7.65,1.33,5.5,8.0,1.33,5.5,8.5,1.4,6.0,8.8,1.36,5.66,8.01,1.4,2.88,1.41,3.01,1.43,3.07,1.41,2.92,-1.5,2.0,1.93,2.0,1.91,2.04,1.96,1.95,1.91,1.4,5.25,7.0,1.38,5.25,7.0,1.4,5.5,6.75,1.4,5.5,7.4,1.35,5.5,7.5,1.36,5.25,8.0,1.42,5.9,8.0,1.39,5.43,7.38,1.4,2.88,1.41,3.07,1.47,3.1,1.41,2.94,-1.5,2.11,1.82,2.09,1.83,2.11,1.93,2.03,1.84
E0,21/10/2023,15:00,Bournemouth,Wolverhampton Wanderers,1,2,A,1,0,H,P Tierney,7,20,4,7,15,10,3,12,2,6,1,0,2.38,3.4,3.0,2.37,3.4,2.87,2.4,3.45,2.9,2.45,3.49,3.01,2.38,3.5,2.8,2.38,3.4,2.9,2.48,3.7,3.05,2.41,3.48,2.95,1.85,2.05,1.86,2.03,1.88,2.07,1.82,2.02,-0.25,2.1,1.83,2.11,1.82,2.12,1.85,2.06,1.8,2.25,3.4,3.1,2.25,3.4,3.1,2.35,3.4,3.0,2.31,3.46,3.32,2.3,3.4,3.0,2.38,3.3,3.0,2.49,3.6,3.32,2.35,3.42,3.11,1.96,1.94,1.95,1.95,2.02,2.1,1.91,1.93,-0.25,2.01,1.92,1.99,1.93,2.11,1.94,2.01,1.85
E0,21/10/2023,15:00,Brentford,Burnley,3,0,H,1,0,H,J Smith,23,6,10,1,14,12,5,5,5,2,0,1,1.83,3.75,4.2,1.8,3.6,4.5,1.83,3.65,4.3,1.87,3.77,4.37,1.75,3.8,4.4,1.8,3.6,4.33,1.9,3.86,4.53,1.83,3.74,4.4,1.95,1.95,1.97,1.92,2.01,1.97,1.92,1.92,-0.5,1.86,2.07,1.87,2.04,1.88,2.08,1.84,2.04,1.7,3.8,4.75,1.73,3.7,4.75,1.73,3.8,4.7,1.74,3.9,5.09,1.75,3.7,4.6,1.75,3.75,4.8,1.83,3.99,5.2,1.75,3.81,4.9,1.92,1.98,1.93,1.98,2.0,2.0,1.92,1.92,-0.75,1.96,1.97,1.96,1.96,2.01,2.01,1.95,1.91
E0,21/10/2023,15:00,Manchester City,Brighton,2,1,H,2,0,H,R Jones,10,5,6,3,9,11,2,2,2,2,1,0,1.4,5.25,6.5,1.41,5.25,6.5,1.43,5.5,6.5,1.42,5.45,6.93,1.4,5.5,6.5,1.36,5.25,7.0,1.46,5.7,7.3,1.41,5.36,6.83,1.36,3.1,1.39,3.13,1.41,3.2,1.37,3.09,-1.25,1.87,2.06,1.88,2.02,1.9,2.08,1.84,2.02,1.36,6.0,6.5,1.36,5.5,7.0,1.37,5.5,7.25,1.36,5.69,7.74,1.3,5.8,8.5,1.33,5.5,8.5,1.4,6.2,8.5,1.36,5.74,7.8,1.33,3.4,1.38,3.19,1.43,3.4,1.38,3.1,-1.5,2.03,1.9,2.03,1.9,2.04,1.98,1.95,1.92
E0,21/10/2023,15:00,Newcastle United,Crystal Palace,4,0,H,3,0,H,T Robinson,10,17,7,3,7,12,6,8,2,3,0,0,1.45,4.5,7.0,1.47,4.33,7.0,1.45,4.5,7.0,1.46,4.63,7.7,1.44,4.5,7.5,1.4,4.4,7.5,1.5,4.8,8.0,1.46,4.53,7.44,1.85,2.05,1.85,2.04,1.87,2.1,1.82,2.03,-1.25,2.06,1.87,2.06,1.85,2.07,1.88,2.02,1.83,1.45,4.5,7.0,1.46,4.33,7.25,1.45,4.4,7.5,1.48,4.49,7.68,1.4,4.4,8.5,1.44,4.2,8.5,1.52,4.7,8.5,1.46,4.45,7.75,2.01,1.89,2.04,1.87,2.05,2.03,1.98,1.87,-1.25,2.11,1.82,2.13,1.82,2.18,1.87,2.07,1.8
E0,21/10/2023,15:00,Nottingham Forest,Luton,2,2,D,0,0,D,S Barrott,19,13,8,4,12,11,4,2,3,0,0,0,1.67,3.75,5.5,1.65,3.75,5.5,1.67,3.75,5.25,1.7,3.89,5.43,1.62,3.8,5.5,1.65,3.6,5.5,1.75,3.97,5.75,1.69,3.82,5.33,2.08,1.82,2.11,1.78,2.15,1.84,2.03,1.8,-0.75,1.94,1.99,1.94,1.96,1.94,2.04,1.88,1.96,1.73,3.75,5.25,1.7,3.6,5.0,1.73,3.7,5.0,1.76,3.65,5.39,1.7,3.7,5.0,1.7,3.6,5.5,1.81,3.78,5.98,1.73,3.67,5.27,2.1,1.7,2.18,1.78,2.24,1.81,2.12,1.75,-0.75,1.98,1.95,2.0,1.93,2.01,2.0,1.94,1.92
E0,21/10/2023,17:30,Chelsea,Arsenal,2,2,D,1,0,H,C Kavanagh,11,13,5,3,7,14,2,7,3,3,0,0,3.2,3.4,2.25,3.1,3.4,2.2,3.15,3.45,2.25,3.33,3.5,2.26,3.0,3.5,2.25,3.25,3.3,2.2,3.4,3.56,2.36,3.24,3.47,2.26,1.98,1.92,1.99,1.9,2.01,1.98,1.92,1.9,0.25,1.96,1.97,1.96,1.94,2.0,2.01,1.91,1.93,3.3,3.25,2.25,3.2,3.25,2.25,3.25,3.2,2.3,3.35,3.44,2.31,3.25,3.2,2.25,3.25,3.3,2.3,3.5,3.5,2.41,3.3,3.33,2.32,2.05,1.85,2.04,1.88,2.19,1.88,2.07,1.79,0.25,1.94,1.99,1.94,1.98,1.95,2.06,1.89,1.97
E0,21/10/2023,20:00,Sheffield United,Manchester United,1,2,A,1,1,D,M Oliver,12,14,6,5,12,10,5,4,3,1,0,0,6.5,5.25,1.4,7.0,4.75,1.43,7.0,5.0,1.43,7.57,5.24,1.41,7.5,5.0,1.4,7.5,4.8,1.4,7.8,5.4,1.46,7.27,5.07,1.42,1.53,2.4,1.55,2.57,1.59,2.6,1.55,2.47,1.25,2.02,1.91,2.02,1.88,2.02,1.94,1.97,1.88,7.5,5.75,1.36,7.75,5.25,1.36,7.25,5.5,1.37,7.8,5.6,1.38,8.0,5.5,1.33,8.5,5.5,1.33,8.5,5.8,1.41,7.91,5.54,1.37,1.44,2.7,1.47,2.83,1.53,2.83,1.46,2.74,1.5,1.91,2.02,1.9,2.03,1.95,2.05,1.89,1.98
E0,22/10/2023,16:30,Aston Villa,West Ham,4,1,H,1,0,H,D Coote,15,14,7,4,9,15,8,7,0,1,0,0,1.85,3.6,4.0,1.9,3.7,3.75,1.9,3.8,3.85,1.9,3.93,4.01,1.85,3.9,3.75,1.85,3.8,3.8,1.95,4.03,4.1,1.9,3.86,3.88,1.57,2.35,1.59,2.47,1.63,2.5,1.58,2.39,-0.5,1.91,2.02,1.9,2.0,1.93,2.03,1.89,1.97,1.73,3.8,4.5,1.8,3.9,4.1,1.8,3.75,4.4,1.79,4.02,4.54,1.75,3.9,4.33,1.8,3.9,4.2,1.9,4.1,4.54,1.81,3.94,4.31,1.6,2.3,1.67,2.32,1.7,2.45,1.63,2.3,-0.75,2.03,1.9,2.02,1.91,2.1,1.91,2.02,1.85
E0,23/10/2023,20:00,Tottenham,Fulham,2,0,H,1,0,H,A Taylor,15,10,5,3,10,14,3,5,2,0,0,0,1.5,4.5,6.0,1.5,4.6,5.75,1.5,4.7,5.75,1.51,4.85,6.06,1.5,4.6,5.8,1.45,4.6,6.0,1.55,5.0,6.4,1.51,4.7,5.99,1.5,2.5,1.52,2.63,1.54,2.66,1.51,2.55,-1.0,1.83,2.1,1.81,2.09,1.83,2.13,1.81,2.07,1.5,4.6,6.0,1.5,4.6,6.0,1.47,4.8,6.25,1.52,4.72,6.13,1.44,4.8,6.0,1.45,4.75,6.0,1.54,4.98,6.65,1.5,4.74,6.22,1.5,2.5,1.52,2.66,1.59,2.79,1.51,2.6,-1.0,1.8,2.0,1.85,2.09,1.85,2.17,1.79,2.1
E0,27/10/2023,20:00,Crystal Palace,Tottenham,1,2,A,0,0,D,A Madley,13,10,3,1,19,11,11,2,2,1,0,0,4.5,3.75,1.75,4.5,3.7,1.77,4.5,3.75,1.77,4.7,3.84,1.79,4.6,3.75,1.73,4.8,3.7,1.75,5.0,3.95,1.83,4.64,3.83,1.79,1.94,1.96,1.95,1.95,1.99,2.08,1.89,1.96,0.75,1.89,2.04,1.88,2.04,1.92,2.07,1.86,1.99,4.5,3.8,1.75,4.4,3.7,1.78,4.6,3.8,1.75,4.58,3.85,1.81,4.5,3.75,1.75,4.75,3.75,1.75,5.0,4.17,1.86,4.54,3.84,1.79,1.92,1.98,1.93,1.98,2.0,2.04,1.89,1.96,0.75,1.87,2.06,1.87,2.07,1.92,2.1,1.84,2.02
E0,28/10/2023,12:30,Chelsea,Brentford,0,2,A,0,0,D,S Hooper,17,7,2,5,12,7,10,1,1,4,0,0,1.65,4.0,5.25,1.61,4.1,5.25,1.63,4.1,5.25,1.66,4.15,5.32,1.62,4.0,5.5,1.62,3.9,5.25,1.7,4.22,5.75,1.65,4.1,5.31,1.8,2.0,1.82,2.06,1.86,2.11,1.81,2.04,-0.75,1.86,2.07,1.85,2.07,1.87,2.11,1.82,2.05,1.62,4.0,5.25,1.65,3.9,5.25,1.6,4.2,5.5,1.65,4.05,5.6,1.6,4.0,5.5,1.62,4.0,5.5,1.7,4.32,5.9,1.65,4.07,5.39,1.85,2.05,1.87,2.04,1.87,2.1,1.81,2.04,-0.75,1.83,2.1,1.85,2.09,1.87,2.16,1.8,2.06
E0,28/10/2023,15:00,Arsenal,Sheffield United,5,0,H,1,0,H,T Robinson,13,2,8,0,9,13,6,1,0,3,0,0,1.13,8.5,19.0,1.13,9.25,19.5,1.12,9.5,22.0,1.13,10.16,21.31,1.1,9.0,23.0,1.1,9.0,22.0,1.14,11.0,26.0,1.13,9.61,21.6,1.36,3.1,1.35,3.25,1.39,3.3,1.36,3.13,-2.5,2.03,1.78,2.07,1.81,2.11,1.89,2.05,1.82,1.13,8.5,19.0,1.13,9.5,19.5,1.12,9.5,21.0,1.13,9.5,21.0,1.1,10.0,19.0,1.1,9.5,22.0,1.15,11.0,27.0,1.13,9.57,21.8,1.36,3.1,1.36,3.21,1.4,3.3,1.36,3.18,-2.25,1.86,2.07,1.83,2.07,1.91,2.1,1.83,2.04
E0,28/10/2023,15:00,Bournemouth,Burnley,2,1,H,1,1,D,S Barrott,13,6,6,3,9,12,10,5,2,3,0,0,2.15,3.5,3.3,2.1,3.6,3.25,2.15,3.6,3.25,2.1,3.76,3.49,2.1,3.6,3.25,2.1,3.5,3.4,2.19,3.82,3.56,2.13,3.66,3.38,1.75,2.05,1.8,2.09,1.85,2.12,1.8,2.05,-0.25,1.87,2.06,1.83,2.09,1.88,2.09,1.84,2.02,2.15,3.5,3.25,2.15,3.5,3.25,2.2,3.55,3.2,2.13,3.65,3.51,2.15,3.5,3.25,2.15,3.5,3.4,2.24,3.72,3.53,2.17,3.58,3.35,1.87,2.03,1.83,2.07,1.9,2.09,1.83,2.02,-0.25,1.87,2.06,1.88,2.08,1.91,2.08,1.86,2.0
E0,28/10/2023,17:30,Wolverhampton Wanderers,Newcastle United,2,2,D,1,2,A,A Taylor,11,13,6,5,13,15,8,7,1,4,0,0,4.2,4.0,1.75,4.33,3.9,1.77,4.2,3.9,1.8,4.22,3.99,1.84,4.33,3.9,1.75,4.4,3.75,1.75,4.4,4.1,1.87,4.26,3.94,1.82,1.75,2.05,1.8,2.09,1.83,2.19,1.77,2.1,0.75,1.87,2.06,1.83,2.08,1.87,2.11,1.82,2.03,3.8,3.8,1.91,4.2,3.75,1.82,4.2,3.85,1.8,4.11,3.75,1.93,4.33,3.8,1.8,4.33,3.7,1.83,4.7,4.1,1.93,4.22,3.84,1.85,1.88,2.02,1.91,2.0,1.91,2.16,1.8,2.06,0.5,2.0,1.93,1.99,1.93,2.15,1.93,2.04,1.84
E0,29/10/2023,13:00,West Ham,Everton,0,1,A,0,0,D,S Attwell,12,10,2,4,7,11,4,3,4,1,0,0,2.15,3.5,3.3,2.1,3.6,3.25,2.15,3.55,3.25,2.18,3.62,3.41,2.1,3.7,3.2,2.1,3.5,3.3,2.21,3.81,3.47,2.15,3.64,3.32,1.73,2.08,1.77,2.13,1.8,2.19,1.74,2.12,-0.25,1.9,2.03,1.89,2.02,1.91,2.06,1.86,1.99,2.1,3.6,3.4,2.05,3.6,3.4,2.1,3.65,3.4,2.08,3.7,3.62,2.05,3.6,3.4,2.05,3.6,3.5,2.15,3.83,3.8,2.07,3.69,3.5,1.73,2.08,1.77,2.16,1.78,2.23,1.73,2.14,-0.5,2.09,1.84,2.09,1.85,2.1,1.86,2.06,1.82
E0,29/10/2023,14:00,Aston Villa,Luton,3,1,H,1,0,H,J Brooks,17,7,6,1,11,10,6,4,3,2,0,0,1.25,6.5,9.5,1.25,6.25,11.0,1.25,6.25,12.0,1.28,6.23,10.8,1.25,6.0,10.0,1.22,6.0,12.0,1.31,6.5,12.0,1.28,6.19,10.79,1.48,2.6,1.5,2.64,1.54,2.69,1.51,2.59,-1.75,2.0,1.93,1.98,1.91,2.04,1.95,1.97,1.88,1.36,5.5,7.5,1.37,5.5,7.25,1.35,5.5,7.75,1.34,5.85,8.55,1.3,6.0,8.0,1.33,5.5,9.0,1.38,6.4,10.0,1.34,5.71,8.49,1.44,2.7,1.47,2.8,1.53,2.93,1.46,2.74,-1.5,1.97,1.96,1.97,1.94,1.98,2.06,1.92,1.95
E0,29/10/2023,14:00,Brighton,Fulham,1,1,D,1,0,H,M Salisbury,18,10,7,5,12,8,7,3,0,3,0,0,1.55,4.2,5.5,1.52,4.6,5.5,1.55,4.6,5.25,1.59,4.65,5.36,1.53,4.4,5.5,1.53,4.33,5.5,1.62,4.8,5.75,1.56,4.6,5.42,1.5,2.5,1.54,2.58,1.56,2.68,1.5,2.59,-1.0,1.95,1.98,1.96,1.94,1.97,2.0,1.92,1.95,1.62,4.0,5.5,1.6,4.2,5.25,1.6,4.3,5.25,1.64,4.32,5.29,1.57,4.2,5.5,1.6,4.33,5.25,1.68,4.56,5.5,1.61,4.3,5.3,1.65,2.2,1.68,2.29,1.72,2.45,1.64,2.29,-1.0,2.05,1.88,2.08,1.85,2.12,1.98,2.02,1.85
E0,29/10/2023,14:00,Liverpool,Nottingham Forest,3,0,H,2,0,H,C Salisbury,21,9,8,1,9,13,8,3,2,3,0,0,1.29,5.75,11.0,1.27,6.25,9.75,1.25,6.25,11.0,1.27,6.51,10.09,1.25,6.5,10.0,1.25,6.0,11.0,1.3,6.9,11.5,1.27,6.38,10.39,1.4,2.88,1.42,2.96,1.43,3.07,1.41,2.91,-1.75,1.97,1.96,1.95,1.93,2.0,1.96,1.93,1.92,1.22,7.0,11.0,1.23,6.75,12.0,1.25,6.75,10.0,1.22,7.31,12.08,1.2,7.0,12.0,1.22,6.5,12.0,1.26,7.52,16.07,1.23,6.96,12.16,1.44,2.7,1.44,2.87,1.5,2.93,1.44,2.79,-1.75,1.93,2.0,1.84,2.08,1.93,2.16,1.83,2.03
E0,29/10/2023,15:30,Manchester United,Manchester City,0,3,A,0,1,A,P Tierney,7,21,3,10,9,4,7,12,4,1,0,0,5.0,3.8,1.67,4.75,4.0,1.68,4.9,4.0,1.67,5.16,4.07,1.69,4.8,4.0,1.65,5.0,3.9,1.65,5.3,4.22,1.74,4.99,4.04,1.69,1.7,2.1,1.75,2.15,1.79,2.2,1.73,2.15,0.75,2.06,1.87,2.03,1.88,2.07,1.91,2.0,1.85,5.5,4.2,1.57,5.25,4.1,1.61,5.25,4.2,1.6,5.6,4.3,1.61,5.5,4.2,1.57,6.0,4.2,1.55,6.0,4.55,1.73,5.48,4.25,1.62,1.65,2.2,1.7,2.26,1.74,2.4,1.68,2.23,1.0,1.91,2.02,1.88,2.05,1.97,2.12,1.86,2.02
E0,04/11/2023,12:30,Fulham,Manchester United,0,1,A,0,0,D,J Brooks,18,12,3,5,9,15,9,4,5,2,0,0,3.2,3.6,2.2,3.2,3.6,2.15,3.2,3.6,2.2,3.22,3.68,2.22,3.2,3.5,2.1,3.25,3.5,2.2,3.5,3.75,2.26,3.24,3.61,2.2,1.75,2.05,1.81,2.07,1.85,2.13,1.79,2.05,0.25,1.99,1.94,1.97,1.93,2.01,1.96,1.96,1.89,2.9,3.6,2.3,2.9,3.5,2.3,2.95,3.5,2.35,3.03,3.59,2.38,2.9,3.5,2.25,3.0,3.5,2.3,3.35,3.71,2.55,3.0,3.56,2.36,1.75,2.05,1.81,2.1,1.9,2.14,1.81,2.04,0.25,1.85,2.08,1.86,2.07,1.98,2.14,1.84,2.02
E0,04/11/2023,15:00,Brentford,West Ham,3,2,H,1,2,A,T Bramall,16,12,4,2,12,14,4,3,1,4,0,0,2.05,3.6,3.5,2.05,3.6,3.4,2.1,3.6,3.4,2.07,3.74,3.52,2.0,3.7,3.3,2.05,3.5,3.4,2.12,3.85,3.61,2.08,3.67,3.46,1.73,2.08,1.76,2.15,1.78,2.18,1.75,2.11,-0.25,1.75,2.05,1.81,2.1,1.84,2.13,1.79,2.06,2.15,3.5,3.3,2.1,3.6,3.3,2.15,3.6,3.25,2.16,3.71,3.39,2.1,3.6,3.1,2.15,3.6,3.3,2.21,3.89,3.68,2.15,3.66,3.33,1.7,2.1,1.73,2.22,1.82,2.27,1.72,2.17,-0.25,1.89,2.04,1.88,2.04,1.91,2.19,1.85,2.01
E0,04/11/2023,15:00,Burnley,Crystal Palace,0,2,A,0,1,A,P Bankes,17,4,5,3,9,12,12,1,0,5,0,0,2.75,3.25,2.6,2.75,3.2,2.65,2.8,3.2,2.6,2.89,3.24,2.65,2.8,3.0,2.6,2.8,3.1,2.6,2.95,3.33,2.71,2.85,3.23,2.63,2.2,1.65,2.29,1.68,2.29,1.71,2.23,1.68,0.0,2.05,1.88,2.04,1.87,2.07,1.89,2.02,1.86,3.25,3.2,2.3,3.25,3.1,2.3,3.25,3.15,2.35,3.53,3.21,2.31,3.4,2.9,2.3,3.4,3.1,2.3,3.53,3.31,2.46,3.35,3.17,2.35,2.35,1.57,2.48,1.6,2.51,1.64,2.41,1.58,0.25,1.96,1.97,1.95,1.97,1.96,2.0,1.87,1.97
E0,04/11/2023,15:00,Everton,Brighton,1,1,D,1,0,H,T Robinson,10,7,4,2,15,5,3,3,4,2,0,0,3.1,3.6,2.2,,,,3.05,3.7,2.2,3.1,3.87,2.21,3.0,3.8,2.1,3.1,3.6,2.15,3.17,3.98,2.25,3.09,3.81,2.2,1.57,2.35,1.62,2.41,1.62,2.48,1.59,2.41,0.25,1.96,1.97,1.96,1.94,1.99,1.97,1.93,1.92,2.8,3.4,2.45,,,,2.75,3.55,2.5,2.86,3.52,2.54,2.62,3.6,2.38,2.8,3.5,2.45,2.93,3.86,2.55,2.83,3.6,2.46,1.7,2.1,1.76,2.18,1.78,2.36,1.7,2.21,0.25,1.73,2.08,1.76,2.19,1.81,2.2,1.77,2.1
E0,04/11/2023,15:00,Manchester City,Bournemouth,6,1,H,3,0,H,C Pawson,21,5,8,1,8,9,12,1,0,1,0,0,1.1,11.0,19.0,1.1,11.5,21.0,1.1,10.0,22.0,1.08,12.84,29.22,1.06,10.0,26.0,1.07,10.5,29.0,1.11,14.0,34.0,1.1,11.39,26.19,1.29,3.6,1.32,3.51,1.33,3.7,1.3,3.53,-2.5,1.89,2.04,1.86,2.03,1.91,2.06,1.86,2.01,1.09,11.0,21.0,1.1,11.5,21.0,1.1,11.0,20.0,1.09,11.5,28.5,1.06,11.0,26.0,1.07,12.0,29.0,1.11,14.0,32.0,1.1,11.54,26.43,1.3,3.5,1.32,3.58,1.35,3.75,1.31,3.51,-2.5,1.86,2.07,1.88,2.05,1.91,2.17,1.85,2.03
E0,04/11/2023,15:00,Sheffield United,Wolverhampton Wanderers,2,1,H,0,0,D,R Jones,11,10,2,3,13,10,4,4,2,3,0,0,3.8,3.5,2.0,3.6,3.6,1.98,3.75,3.6,1.97,3.91,3.68,1.97,3.6,3.6,1.91,3.9,3.5,1.93,4.1,3.79,2.01,3.83,3.64,1.98,1.91,1.99,1.91,1.98,1.95,2.02,1.89,1.94,0.5,1.93,2.0,1.93,1.98,1.94,2.02,1.9,1.98,4.2,3.6,1.85,4.1,3.6,1.85,3.9,3.6,1.95,4.35,3.76,1.87,4.0,3.6,1.83,4.1,3.6,1.9,4.37,3.83,2.0,4.12,3.68,1.91,1.89,2.01,1.92,1.98,1.95,2.01,1.89,1.95,0.5,2.06,1.87,2.05,1.88,2.08,2.0,1.97,1.91
E0,04/11/2023,17:30,Newcastle United,Arsenal,1,0,H,0,0,D,S Attwell,9,14,2,1,14,9,0,11,5,1,0,0,2.8,3.2,2.6,2.8,3.4,2.45,2.8,3.35,2.55,2.83,3.41,2.59,2.7,3.4,2.45,2.75,3.3,2.5,2.89,3.5,2.65,2.82,3.39,2.56,1.95,1.95,1.95,1.93,2.0,1.96,1.92,1.91,0.0,2.06,1.87,2.04,1.87,2.08,1.88,2.02,1.84,2.8,3.0,2.7,2.75,3.2,2.6,2.75,3.2,2.7,2.84,3.23,2.73,2.75,3.2,2.5,2.7,3.2,2.7,2.94,3.35,2.83,2.8,3.23,2.68,2.1,1.7,2.17,1.76,2.24,1.81,2.12,1.75,0.0,2.03,1.9,2.0,1.93,2.07,2.0,1.97,1.91
E0,05/11/2023,14:00,Nottingham Forest,Aston Villa,2,0,H,1,0,H,J Gillett,5,13,3,3,6,9,0,10,1,1,0,0,4.2,3.75,1.85,3.9,3.75,1.87,4.0,3.75,1.85,4.17,3.76,1.89,3.9,3.8,1.8,4.1,3.6,1.83,4.3,3.9,1.93,4.09,3.77,1.89,1.73,2.08,1.78,2.13,1.8,2.16,1.76,2.1,0.5,2.04,1.89,2.01,1.9,2.05,1.91,2.0,1.88,3.75,3.75,1.91,3.75,3.7,1.93,3.75,3.75,1.95,3.93,3.81,1.95,3.7,3.75,1.85,3.9,3.75,1.9,4.27,3.9,1.99,3.91,3.75,1.94,1.7,2.1,1.74,2.2,1.85,2.25,1.75,2.12,0.5,1.96,1.97,1.96,1.96,2.0,1.99,1.94,1.95
E0,05/11/2023,16:30,Luton,Liverpool,1,1,D,0,0,D,A Madley,8,24,5,6,7,13,4,7,1,1,0,0,12.0,6.5,1.22,10.5,6.5,1.25,11.0,6.75,1.25,11.23,6.76,1.24,11.0,6.5,1.2,12.0,6.5,1.2,12.5,7.3,1.26,11.46,6.8,1.24,1.36,3.1,1.39,3.06,1.4,3.22,1.37,3.09,1.75,2.08,1.85,2.05,1.85,2.09,1.87,2.04,1.82,11.0,7.5,1.2,11.0,7.5,1.21,11.0,7.25,1.22,15.0,8.5,1.18,13.0,7.5,1.15,15.0,7.5,1.18,15.0,8.5,1.22,13.28,7.63,1.2,1.36,3.1,1.36,3.28,1.38,3.62,1.35,3.22,2.0,2.0,1.93,1.95,1.95,2.02,1.97,1.95,1.91
E0,06/11/2023,20:00,Tottenham,Chelsea,1,4,A,1,1,D,M Oliver,8,17,5,8,12,21,1,6,1,5,2,0,2.0,3.75,3.5,2.1,3.6,3.2,2.1,3.7,3.25,2.14,3.73,3.34,2.1,3.7,3.0,2.1,3.5,3.3,2.21,3.92,3.5,2.13,3.73,3.29,1.7,2.1,1.74,2.18,1.78,2.27,1.71,2.16,-0.25,1.88,2.05,1.88,2.04,1.89,2.07,1.85,2.0,2.3,3.6,2.9,2.3,3.5,2.95,2.25,3.45,3.15,2.37,3.65,3.0,2.25,3.5,2.9,2.25,3.6,3.1,2.4,3.75,3.21,2.32,3.63,3.04,1.67,2.15,1.71,2.25,1.77,2.29,1.7,2.21,-0.25,2.07,1.86,2.07,1.86,2.07,1.95,1.99,1.87
E0,11/11/2023,12:30,Wolverhampton Wanderers,Tottenham,2,1,H,0,1,A,T Robinson,17,6,4,2,19,15,11,3,4,3,0,0,3.1,3.75,2.2,3.1,3.6,2.2,3.1,3.65,2.2,3.11,3.78,2.23,3.0,3.7,2.1,3.1,3.6,2.15,3.41,3.89,2.28,3.13,3.73,2.21,1.62,2.25,1.64,2.34,1.66,2.4,1.63,2.32,0.25,1.94,1.96,1.95,1.95,2.01,2.0,1.93,1.92,3.1,3.5,2.3,3.0,3.4,2.3,3.05,3.45,2.3,3.13,3.62,2.31,3.0,3.5,2.2,3.2,3.4,2.25,3.3,3.79,2.38,3.14,3.53,2.3,1.89,2.01,1.85,2.06,1.97,2.36,1.85,2.0,0.25,1.91,2.02,1.91,2.01,1.93,2.06,1.88,1.97
E0,11/11/2023,15:00,Arsenal,Burnley,3,1,H,1,0,H,M Oliver,16,8,6,5,8,9,3,3,0,1,1,0,1.18,7.0,17.0,1.2,7.25,14.0,1.2,7.0,14.0,1.19,7.47,14.74,1.15,7.0,15.0,1.17,7.0,15.0,1.22,8.1,17.0,1.19,7.34,15.07,1.48,2.6,1.51,2.62,1.54,2.68,1.49,2.62,-2.0,1.99,1.91,2.0,1.89,2.05,1.96,1.98,1.88,1.2,6.5,15.0,1.2,6.75,15.0,1.2,6.75,14.0,1.19,7.49,16.59,1.15,6.5,17.0,1.17,7.0,19.0,1.26,8.2,19.0,1.2,7.07,16.18,1.62,2.25,1.66,2.31,1.75,2.74,1.62,2.31,-2.0,2.03,1.78,2.06,1.85,2.29,1.98,2.03,1.84
E0,11/11/2023,15:00,Crystal Palace,Everton,2,3,A,1,1,D,S Barrott,13,8,4,4,9,18,9,2,1,4,0,0,2.45,3.2,3.0,2.4,3.2,3.0,2.45,3.2,3.05,2.45,3.2,3.19,2.38,3.2,2.9,2.38,3.1,3.1,2.5,3.3,3.27,2.44,3.21,3.11,2.25,1.62,2.36,1.64,2.4,1.67,2.29,1.64,-0.25,2.1,1.8,2.1,1.83,2.13,1.84,2.07,1.8,2.6,3.0,2.9,2.6,3.1,2.87,2.55,3.1,2.95,2.71,3.12,2.96,2.5,3.1,2.8,2.63,3.1,2.9,2.8,3.31,3.1,2.61,3.12,2.95,2.4,1.53,2.51,1.58,2.51,1.65,2.43,1.57,0.0,1.86,2.07,1.84,2.1,1.89,2.12,1.82,2.05
E0,11/11/2023,15:00,Manchester United,Luton,1,0,H,0,0,D,G Scott,15,10,4,4,9,11,11,3,0,2,0,0,1.33,5.25,9.5,1.35,5.25,8.5,1.33,5.5,8.5,1.31,5.86,9.36,1.3,5.5,9.0,1.3,5.25,9.5,1.38,6.2,10.0,1.33,5.6,9.17,1.53,2.4,1.54,2.58,1.56,2.63,1.53,2.52,-1.5,1.93,1.97,1.92,1.99,2.02,2.02,1.92,1.94,1.29,6.0,9.5,1.3,5.75,9.5,1.3,6.0,9.0,1.29,6.14,10.06,1.25,5.8,9.5,1.29,5.75,10.5,1.33,6.17,11.0,1.29,5.95,9.95,1.44,2.7,1.47,2.76,1.54,2.76,1.48,2.66,-1.5,1.81,2.13,1.82,2.07,1.89,2.13,1.83,2.04
E0,11/11/2023,17:30,Bournemouth,Newcastle United,2,0,H,0,0,D,C Kavanagh,19,8,10,5,10,4,6,5,2,1,0,0,4.75,4.0,1.73,4.8,3.9,1.68,4.7,3.95,1.73,4.52,4.06,1.76,4.5,4.0,1.65,4.6,3.8,1.7,5.0,4.2,1.78,4.67,4.03,1.73,1.7,2.1,1.73,2.19,1.74,2.3,1.69,2.2,0.75,1.94,1.96,1.93,1.98,2.0,2.02,1.93,1.92,4.0,3.6,1.91,3.9,3.6,1.93,4.0,3.65,1.9,3.9,3.76,1.97,3.8,3.6,1.85,4.1,3.6,1.9,4.33,3.87,2.0,3.97,3.71,1.93,1.83,2.07,1.83,2.06,1.9,2.11,1.82,2.03,0.5,1.97,1.96,1.94,1.98,2.0,2.0,1.93,1.95
E0,12/11/2023,14:00,Aston Villa,Fulham,3,1,H,2,0,H,S Hooper,12,9,6,5,4,17,2,2,2,5,0,0,1.57,4.2,5.5,1.57,4.1,5.5,1.57,4.2,5.75,1.6,4.27,5.67,1.53,4.2,5.5,1.55,4.1,5.75,1.63,4.5,5.9,1.59,4.28,5.66,1.7,2.1,1.74,2.17,1.76,2.27,1.69,2.19,-1.0,2.02,1.88,2.03,1.88,2.06,1.92,1.99,1.87,1.62,4.0,5.25,1.66,4.1,4.75,1.65,4.1,4.9,1.64,4.22,5.4,1.6,4.0,5.0,1.65,3.9,5.25,1.7,4.4,6.0,1.65,4.13,5.21,1.7,2.1,1.75,2.18,1.82,2.36,1.71,2.19,-1.0,2.03,1.78,2.12,1.83,2.2,1.88,2.1,1.79
E0,12/11/2023,14:00,Brighton,Sheffield United,1,1,D,1,0,H,J Brooks,11,9,6,1,13,16,6,3,3,2,1,0,1.25,5.75,13.0,1.23,6.5,12.0,1.25,6.5,11.0,1.24,6.8,11.28,1.2,6.5,12.0,1.2,6.5,13.0,1.26,7.4,13.0,1.24,6.73,11.71,1.4,2.88,1.42,2.92,1.45,3.1,1.41,2.94,-1.75,1.88,2.02,1.86,2.03,1.91,2.09,1.84,2.02,1.25,6.0,10.0,1.27,6.0,10.5,1.27,6.25,9.5,1.27,6.23,11.19,1.22,6.0,12.0,1.25,6.0,13.0,1.33,6.65,13.0,1.27,6.18,10.88,1.5,2.5,1.51,2.64,1.56,2.89,1.49,2.65,-1.75,1.98,1.92,2.0,1.91,2.13,1.96,1.98,1.88
E0,12/11/2023,14:00,Liverpool,Brentford,3,0,H,1,0,H,P Tierney,17,16,10,3,16,12,6,8,1,2,0,0,1.4,5.0,6.5,1.4,5.0,7.0,1.43,5.25,6.5,1.41,5.26,7.17,1.36,5.0,7.0,1.4,4.8,7.0,1.45,5.5,7.6,1.42,5.16,7.05,1.44,2.7,1.47,2.77,1.48,2.86,1.46,2.73,-1.25,1.89,2.01,1.9,2.01,1.92,2.04,1.88,1.97,1.36,5.5,7.5,1.38,5.25,7.25,1.4,5.5,7.0,1.4,5.51,7.48,1.33,5.5,7.5,1.36,5.25,8.0,1.41,5.77,8.5,1.38,5.42,7.57,1.44,2.7,1.44,2.92,1.48,3.0,1.44,2.83,-1.5,2.05,1.85,2.08,1.85,2.1,1.9,2.03,1.85
E0,12/11/2023,14:00,West Ham,Nottingham Forest,3,2,H,1,1,D,M Salisbury,16,10,6,5,9,12,9,4,2,2,0,0,1.85,3.6,4.0,1.87,3.6,4.1,1.9,3.7,3.95,1.89,3.79,4.1,1.83,3.7,3.8,1.85,3.6,4.1,1.93,3.92,4.5,1.89,3.77,4.09,1.75,2.05,1.81,2.07,1.84,2.12,1.79,2.05,-0.5,1.89,2.01,1.9,2.0,1.92,2.04,1.88,1.99,1.8,3.75,4.5,1.78,3.7,4.4,1.77,3.75,4.4,1.81,3.84,4.59,1.73,3.7,4.4,1.75,3.7,4.8,1.84,3.9,5.0,1.8,3.77,4.58,1.95,1.95,1.91,2.0,1.99,2.0,1.89,1.95,-0.75,2.06,1.84,2.07,1.84,2.08,1.9,2.02,1.84
E0,12/11/2023,16:30,Chelsea,Manchester City,4,4,D,2,2,D,A Taylor,17,15,9,10,12,15,3,3,5,3,0,0,5.0,3.7,1.73,4.8,3.7,1.73,4.9,3.8,1.73,4.92,3.8,1.75,4.8,3.7,1.67,4.8,3.75,1.7,5.4,3.98,1.78,4.93,3.83,1.74,1.88,2.02,1.88,2.01,1.94,2.08,1.84,2.0,0.75,1.94,1.96,1.92,1.98,1.97,2.01,1.92,1.93,4.75,3.75,1.73,4.4,3.8,1.77,4.7,3.8,1.73,4.8,4.0,1.76,4.5,3.75,1.7,4.8,3.8,1.73,5.41,4.2,1.83,4.65,3.92,1.77,1.83,2.07,1.85,2.06,1.87,2.13,1.81,2.05,0.75,1.93,1.97,1.93,1.99,2.02,2.08,1.89,1.97
E0,25/11/2023,12:30,Manchester City,Liverpool,1,1,D,1,0,H,C Kavanagh,16,8,5,3,9,11,9,6,1,3,0,0,1.73,4.2,4.2,1.72,4.2,4.2,1.75,4.2,4.1,1.75,4.37,4.24,1.65,4.33,4.2,1.7,4.0,4.4,1.8,4.5,4.51,1.75,4.31,4.29,1.48,2.6,1.53,2.59,1.53,2.75,1.5,2.62,-0.75,1.97,1.96,1.95,1.95,2.01,2.0,1.92,1.94,1.7,4.2,4.33,1.71,4.2,4.33,1.7,4.2,4.4,1.7,4.42,4.61,1.65,4.2,4.4,1.67,4.2,4.75,1.83,4.6,4.9,1.71,4.31,4.54,1.48,2.6,1.5,2.71,1.58,2.79,1.49,2.61,-0.75,1.88,2.05,1.88,2.04,1.97,2.06,1.87,1.98
E0,25/11/2023,15:00,Burnley,West Ham,1,2,A,0,0,D,S Barrott,11,11,5,3,11,7,4,5,1,3,0,0,3.4,3.5,2.05,3.4,3.6,2.05,3.4,3.6,2.1,3.58,3.54,2.12,3.25,3.7,2.0,3.4,3.5,2.05,3.63,3.79,2.17,3.47,3.62,2.1,1.75,2.05,1.81,2.08,1.85,2.16,1.78,2.08,0.25,2.08,1.85,2.08,1.84,2.17,1.86,2.05,1.8,3.4,3.4,2.15,3.3,3.4,2.15,3.35,3.4,2.2,3.48,3.43,2.23,3.3,3.5,2.05,3.5,3.3,2.2,3.88,3.72,2.26,3.43,3.43,2.18,2.06,1.84,2.07,1.85,2.08,1.97,2.01,1.83,0.25,2.0,1.93,2.0,1.92,2.14,1.94,2.0,1.85
E0,25/11/2023,15:00,Luton,Crystal Palace,2,1,H,0,0,D,J Gillett,8,16,3,8,15,12,4,5,6,1,0,0,3.6,3.3,2.1,3.5,3.3,2.15,3.55,3.3,2.15,3.7,3.41,2.13,3.4,3.4,2.05,3.6,3.2,2.1,3.8,3.54,2.17,3.63,3.38,2.13,2.15,1.67,2.2,1.73,2.23,1.77,2.16,1.72,0.25,2.1,1.83,2.09,1.83,2.11,1.85,2.05,1.81,4.0,3.25,2.0,3.8,3.25,2.05,3.95,3.3,2.05,4.12,3.42,2.03,3.7,3.3,2.0,4.1,3.25,2.0,4.2,3.49,2.08,3.98,3.34,2.03,2.25,1.62,2.33,1.67,2.38,1.74,2.3,1.64,0.5,1.89,2.04,1.89,2.04,1.91,2.09,1.85,2.04
E0,25/11/2023,15:00,Newcastle United,Chelsea,4,1,H,1,1,D,S Hooper,14,7,5,4,13,19,4,2,4,4,0,1,2.55,3.5,2.63,2.5,3.5,2.65,2.6,3.5,2.6,2.65,3.46,2.73,2.45,3.5,2.6,2.55,3.4,2.63,2.72,3.66,2.76,2.62,3.5,2.68,1.86,2.04,1.85,2.04,1.9,2.07,1.84,2.01,0.0,1.93,2.0,1.93,1.98,1.94,2.03,1.91,1.96,2.63,3.6,2.5,2.6,3.5,2.55,2.6,3.55,2.6,2.6,3.55,2.76,2.5,3.5,2.6,2.7,3.5,2.5,2.78,3.74,2.76,2.68,3.54,2.59,1.7,2.1,1.77,2.15,1.83,2.21,1.74,2.12,0.0,2.05,1.88,1.9,2.02,2.07,2.02,1.96,1.9
E0,25/11/2023,15:00,Nottingham Forest,Brighton,2,3,A,1,2,A,A Taylor,18,11,5,5,12,7,6,4,2,4,0,1,3.2,3.6,2.15,3.0,3.6,2.2,3.1,3.6,2.2,3.32,3.63,2.19,3.0,3.6,2.15,3.2,3.5,2.15,3.4,3.8,2.25,3.22,3.64,2.2,1.73,2.08,1.76,2.16,1.79,2.25,1.74,2.13,0.25,2.0,1.93,2.0,1.91,2.03,1.95,1.96,1.89,3.6,3.6,2.0,3.5,3.5,2.1,3.55,3.55,2.05,3.69,3.63,2.07,3.5,3.6,1.95,3.75,3.5,2.0,3.8,3.67,2.27,3.62,3.6,2.07,1.92,1.98,1.94,1.96,2.02,2.0,1.92,1.93,0.25,2.08,1.73,2.14,1.8,2.17,1.85,2.09,1.78
E0,25/11/2023,15:00,Sheffield United,Bournemouth,1,3,A,0,2,A,A Madley,10,23,2,11,6,8,4,7,4,1,0,0,3.2,3.5,2.2,3.1,3.5,2.2,3.15,3.5,2.2,3.36,3.54,2.2,3.1,3.6,2.1,3.25,3.4,2.15,3.47,3.72,2.25,3.29,3.53,2.21,1.85,2.05,1.85,2.05,1.91,2.08,1.83,2.02,0.25,1.99,1.94,1.99,1.92,2.04,1.94,1.96,1.88,3.4,3.5,2.15,3.3,3.4,2.15,3.35,3.45,2.15,3.57,3.5,2.16,3.25,3.6,2.05,3.5,3.4,2.15,3.57,3.66,2.33,3.41,3.49,2.19,1.94,1.96,1.95,1.95,2.01,1.98,1.92,1.92,0.25,2.06,1.87,2.06,1.87,2.06,2.01,1.99,1.87
E0,25/11/2023,17:30,Brentford,Arsenal,0,1,A,0,0,D,T Robinson,9,15,3,4,9,7,1,8,1,1,0,0,4.5,3.75,1.75,4.5,3.75,1.75,4.5,3.8,1.77,4.74,3.82,1.78,4.33,3.75,1.73,4.75,3.6,1.73,5.0,4.01,1.8,4.64,3.84,1.77,1.9,2.0,1.92,1.97,1.94,2.03,1.88,1.96,0.75,1.91,2.02,1.89,2.02,1.92,2.04,1.87,1.97,5.5,3.8,1.6,5.5,4.0,1.6,5.75,4.1,1.6,5.8,4.05,1.65,5.5,4.0,1.55,6.0,4.0,1.57,6.18,4.2,1.72,5.73,4.06,1.61,1.96,1.94,1.97,1.93,1.99,2.0,1.91,1.93,0.75,2.03,1.78,2.11,1.83,2.17,1.87,2.11,1.78
E0,26/11/2023,14:00,Tottenham,Aston Villa,1,2,A,1,1,D,R Jones,18,15,8,5,11,13,9,3,0,4,0,0,2.3,3.8,2.8,2.3,3.8,2.75,2.35,3.85,2.8,2.36,3.93,2.82,2.25,3.9,2.7,2.3,3.7,2.8,2.42,4.01,2.9,2.35,3.89,2.8,1.5,2.5,1.53,2.61,1.55,2.75,1.5,2.59,-0.25,2.09,1.84,2.08,1.84,2.1,1.86,2.05,1.81,2.55,3.75,2.5,2.65,3.6,2.5,2.6,3.75,2.5,2.7,3.7,2.58,2.45,3.8,2.45,2.63,3.6,2.55,2.75,3.99,2.79,2.63,3.76,2.56,1.53,2.4,1.58,2.51,1.61,2.69,1.54,2.52,0.0,2.02,1.91,2.01,1.92,2.04,1.97,1.97,1.9
E0,26/11/2023,16:30,Everton,Manchester United,0,3,A,0,1,A,J Brooks,24,9,6,4,10,8,6,5,3,0,0,0,2.7,3.4,2.55,2.75,3.5,2.45,2.7,3.45,2.55,2.75,3.51,2.6,2.7,3.6,2.38,2.7,3.4,2.5,2.8,3.7,2.65,2.74,3.52,2.56,1.85,2.05,1.83,2.06,1.87,2.11,1.82,2.03,0.0,2.03,1.9,2.01,1.9,2.05,1.91,2.0,1.87,2.63,3.3,2.7,2.65,3.3,2.65,2.65,3.35,2.65,2.68,3.45,2.75,2.6,3.5,2.45,2.7,3.4,2.6,3.01,3.55,2.8,2.69,3.41,2.66,1.94,1.96,1.92,1.99,1.96,2.03,1.89,1.94,0.0,1.96,1.97,1.93,1.99,2.06,2.01,1.94,1.92
